"";"Hydro_condition";"plot_ident";"plant_ident";"H_stem";"H_spike";"N_kernel";"W_kernel";"N_spikelet";"Ps";"Yield_Cor";"Bloc";"N_spike";"PMG";"H_plant";"Fertility_rate"
"1";"D";"26";1;58,2;6,4;25;NA;21;83,2;448,2092652632;"C3";292,5696594427;49,2527287993283;64,6;75
"2";"D";"26";2;74,5;5,5;22;NA;13;83,2;448,2092652632;"C3";292,5696594427;49,2527287993283;80;75
"3";"D";"26";3;68;7,1;21;NA;17;83,2;448,2092652632;"C3";292,5696594427;49,2527287993283;75,1;87,5
"4";"D";"26";4;52;5,5;22;NA;17;83,2;448,2092652632;"C3";292,5696594427;49,2527287993283;57,5;75
"5";"D";"26";5;69;5,5;24;NA;15;83,2;448,2092652632;"C3";292,5696594427;49,2527287993283;74,5;75
"6";"D";"26";6;66;8,4;47;NA;21;83,2;448,2092652632;"C3";292,5696594427;49,2527287993283;74,4;100
"7";"D";"26";7;61,4;7,1;41;NA;23;83,2;448,2092652632;"C3";292,5696594427;49,2527287993283;68,5;87,5
"8";"D";"26";8;63,4;8,4;16;NA;21;83,2;448,2092652632;"C3";292,5696594427;49,2527287993283;71,8;75
"9";"D";"26";9;60,5;6,8;28;NA;19;83,2;448,2092652632;"C3";292,5696594427;49,2527287993283;67,3;100
"10";"D";"26";10;75,4;7,5;31;NA;23;83,2;448,2092652632;"C3";292,5696594427;49,2527287993283;82,9;87,5
"11";"D";"14";1;85;11,1;54;NA;25;81,3;311,8062592105;"B3";235,2941176471;45,9098497495826;96,1;100
"12";"D";"14";2;63,6;6;28;NA;17;81,3;311,8062592105;"B3";235,2941176471;45,9098497495826;69,6;100
"13";"D";"14";3;65,5;7;50;NA;21;81,3;311,8062592105;"B3";235,2941176471;45,9098497495826;72,5;100
"14";"D";"14";4;62,5;6,5;28;NA;23;81,3;311,8062592105;"B3";235,2941176471;45,9098497495826;69;100
"15";"D";"14";5;60,4;9;50;NA;19;81,3;311,8062592105;"B3";235,2941176471;45,9098497495826;69,4;100
"16";"D";"14";6;76,4;7,1;42;NA;21;81,3;311,8062592105;"B3";235,2941176471;45,9098497495826;83,5;100
"17";"D";"14";7;64,9;8;35;NA;15;81,3;311,8062592105;"B3";235,2941176471;45,9098497495826;72,9;87,5
"18";"D";"14";8;60,1;7,1;38;NA;19;81,3;311,8062592105;"B3";235,2941176471;45,9098497495826;67,2;75
"19";"D";"14";9;61;7,5;21;NA;15;81,3;311,8062592105;"B3";235,2941176471;45,9098497495826;68,5;62,5
"20";"D";"14";10;55;6;19;NA;17;81,3;311,8062592105;"B3";235,2941176471;45,9098497495826;61;62,5
"21";"D";"24";1;68;7,1;34;NA;19;80,6;486,6493578947;"B3";346,7492260062;49,4472361809045;75,1;87,5
"22";"D";"24";2;63,8;6;24;NA;15;80,6;486,6493578947;"B3";346,7492260062;49,4472361809045;69,8;100
"23";"D";"24";3;67,9;8;25;NA;19;80,6;486,6493578947;"B3";346,7492260062;49,4472361809045;75,9;100
"24";"D";"24";4;77,3;8,5;37;NA;25;80,6;486,6493578947;"B3";346,7492260062;49,4472361809045;85,8;100
"25";"D";"24";5;60;8,1;37;NA;21;80,6;486,6493578947;"B3";346,7492260062;49,4472361809045;68,1;87,5
"26";"D";"24";6;53,6;7,1;30;NA;17;80,6;486,6493578947;"B3";346,7492260062;49,4472361809045;60,7;100
"27";"D";"24";7;66;7;49;NA;19;80,6;486,6493578947;"B3";346,7492260062;49,4472361809045;73;100
"28";"D";"24";8;54;6;34;NA;17;80,6;486,6493578947;"B3";346,7492260062;49,4472361809045;60;100
"29";"D";"29";1;75,5;7;40;NA;19;8;466,8915789474;"C3";314,2414860681;49,3979933110368;82,5;100
"30";"D";"29";2;73,1;8;41;NA;21;8;466,8915789474;"C3";314,2414860681;49,3979933110368;81,1;100
"31";"D";"29";3;64,9;6,1;32;NA;21;8;466,8915789474;"C3";314,2414860681;49,3979933110368;71;100
"32";"D";"29";4;63,6;7,1;29;NA;19;8;466,8915789474;"C3";314,2414860681;49,3979933110368;70,7;62,5
"33";"D";"29";5;69,1;8,5;45;NA;21;8;466,8915789474;"C3";314,2414860681;49,3979933110368;77,6;62,5
"34";"D";"29";6;81,6;7;31;NA;19;8;466,8915789474;"C3";314,2414860681;49,3979933110368;88,6;87,5
"35";"D";"29";7;72;8,5;42;NA;23;8;466,8915789474;"C3";314,2414860681;49,3979933110368;80,5;100
"36";"D";"29";8;57,5;6;26;NA;19;8;466,8915789474;"C3";314,2414860681;49,3979933110368;63,5;100
"37";"D";"29";9;45,6;5,5;17;NA;17;8;466,8915789474;"C3";314,2414860681;49,3979933110368;51,1;75
"38";"D";"47";1;71;6,3;25;NA;21;80,9;347,5908842105;"D3";232,1981424149;52,2327586206897;77,3;100
"39";"D";"47";2;53,3;5;23;NA;17;80,9;347,5908842105;"D3";232,1981424149;52,2327586206897;58,3;100
"40";"D";"47";3;80,7;8;34;NA;23;80,9;347,5908842105;"D3";232,1981424149;52,2327586206897;88,7;100
"41";"D";"47";4;64,6;5,1;22;NA;17;80,9;347,5908842105;"D3";232,1981424149;52,2327586206897;69,7;75
"42";"D";"47";5;49,2;5,5;22;NA;17;80,9;347,5908842105;"D3";232,1981424149;52,2327586206897;54,7;87,5
"43";"D";"47";6;59,4;6,2;26;NA;17;80,9;347,5908842105;"D3";232,1981424149;52,2327586206897;65,6;100
"44";"D";"47";7;47,8;5,1;15;NA;17;80,9;347,5908842105;"D3";232,1981424149;52,2327586206897;52,9;75
"45";"D";"47";8;69;5;26;NA;17;80,9;347,5908842105;"D3";232,1981424149;52,2327586206897;74;87,5
"46";"D";"47";9;49,4;6,1;22;NA;19;80,9;347,5908842105;"D3";232,1981424149;52,2327586206897;55,5;100
"47";"D";"47";10;54;6,4;13;NA;15;80,9;347,5908842105;"D3";232,1981424149;52,2327586206897;60,4;75
"48";"D";"13";1;61,1;6,9;19;NA;17;82,2;379,0875789474;"B3";255,4179566563;45,2416666666667;68;75
"49";"D";"13";2;63,2;7;25;NA;19;82,2;379,0875789474;"B3";255,4179566563;45,2416666666667;70,2;100
"50";"D";"13";3;59,5;7,8;27;NA;23;82,2;379,0875789474;"B3";255,4179566563;45,2416666666667;67,3;87,5
"51";"D";"13";4;80,4;11;49;NA;25;82,2;379,0875789474;"B3";255,4179566563;45,2416666666667;91,4;87,5
"52";"D";"13";5;58,8;8,7;43;NA;19;82,2;379,0875789474;"B3";255,4179566563;45,2416666666667;67,5;100
"53";"D";"13";6;68;8,1;57;NA;21;82,2;379,0875789474;"B3";255,4179566563;45,2416666666667;76,1;100
"54";"D";"13";7;70,5;8,5;44;NA;23;82,2;379,0875789474;"B3";255,4179566563;45,2416666666667;79;100
"55";"D";"13";8;70,2;7,5;45;NA;23;82,2;379,0875789474;"B3";255,4179566563;45,2416666666667;77,7;100
"56";"D";"13";9;59;6,5;22;NA;17;82,2;379,0875789474;"B3";255,4179566563;45,2416666666667;65,5;100
"57";"D";"48";1;57;7,5;31;NA;19;80,8;309,69;"D3";205,8823529412;51,5538847117794;64,5;87,5
"58";"D";"48";2;62;6,8;37;NA;19;80,8;309,69;"D3";205,8823529412;51,5538847117794;68,8;75
"59";"D";"48";3;61,5;8;54;NA;23;80,8;309,69;"D3";205,8823529412;51,5538847117794;69,5;100
"60";"D";"48";4;55,9;7,1;35;NA;19;80,8;309,69;"D3";205,8823529412;51,5538847117794;63;87,5
"61";"D";"48";5;64,4;6,1;36;NA;15;80,8;309,69;"D3";205,8823529412;51,5538847117794;70,5;100
"62";"D";"48";6;59,5;7,6;46;NA;19;80,8;309,69;"D3";205,8823529412;51,5538847117794;67,1;75
"63";"D";"48";7;42,4;6,4;23;NA;19;80,8;309,69;"D3";205,8823529412;51,5538847117794;48,8;100
"64";"D";"48";8;49,5;5;22;NA;19;80,8;309,69;"D3";205,8823529412;51,5538847117794;54,5;100
"65";"D";"48";9;50,9;4,6;19;NA;17;80,8;309,69;"D3";205,8823529412;51,5538847117794;55,5;100
"66";"D";"48";10;NA;5,8;19;NA;17;80,8;309,69;"D3";205,8823529412;51,5538847117794;NA;100
"67";"D";"17";1;61,5;6,8;39;1,57;17;82;591,254125;"B3";235,2941176471;47,125;68,3;100
"68";"D";"17";2;59,8;7,1;34;1,24;19;82;591,254125;"B3";235,2941176471;47,125;66,9;87,5
"69";"D";"17";3;65;7,9;30;1,53;21;82;591,254125;"B3";235,2941176471;47,125;72,9;62,5
"70";"D";"17";4;56,5;8,1;33;1,58;19;82;591,254125;"B3";235,2941176471;47,125;64,6;100
"71";"D";"17";5;58;6,4;28;1,11;17;82;591,254125;"B3";235,2941176471;47,125;64,4;75
"72";"D";"17";6;67,1;7,9;49;2,2;21;82;591,254125;"B3";235,2941176471;47,125;75;87,5
"73";"D";"17";7;66,6;8;39;0,91;21;82;591,254125;"B3";235,2941176471;47,125;74,6;100
"74";"D";"17";8;62,2;6,1;23;0,99;15;82;591,254125;"B3";235,2941176471;47,125;68,3;NA
"75";"D";"17";9;56,3;6,5;19;0,92;21;82;591,254125;"B3";235,2941176471;47,125;62,8;100
"76";"D";"17";10;55,5;6,6;33;1,59;21;82;591,254125;"B3";235,2941176471;47,125;62,1;75
"77";"D";"30";1;61,4;6,9;21;0,97;21;83,5;535,0087894737;"C3";323,5294117647;48,290025146689;68,3;75
"78";"D";"30";2;40,9;5,6;16;0,38;19;83,5;535,0087894737;"C3";323,5294117647;48,290025146689;46,5;75
"79";"D";"30";3;55,5;6,5;26;0,92;17;83,5;535,0087894737;"C3";323,5294117647;48,290025146689;62;100
"80";"D";"30";4;56,6;7;24;1,1;19;83,5;535,0087894737;"C3";323,5294117647;48,290025146689;63,6;100
"81";"D";"30";5;52;6,6;35;1,41;19;83,5;535,0087894737;"C3";323,5294117647;48,290025146689;58,6;87,5
"82";"D";"30";6;59,2;8,1;40;1,35;23;83,5;535,0087894737;"C3";323,5294117647;48,290025146689;67,3;100
"83";"D";"30";7;57,7;6,4;24;0,92;17;83,5;535,0087894737;"C3";323,5294117647;48,290025146689;64,1;100
"84";"D";"30";8;66;7;46;2,38;19;83,5;535,0087894737;"C3";323,5294117647;48,290025146689;73;100
"85";"D";"30";9;74;8,5;47;2,16;21;83,5;535,0087894737;"C3";323,5294117647;48,290025146689;82,5;100
"86";"D";"30";10;56,6;6;27;1,43;19;83,5;535,0087894737;"C3";323,5294117647;48,290025146689;62,6;100
"87";"D";"10";1;61,5;5,2;19;1,03;13;81,8;468,6588094737;"A3";289,4736842105;50,4666666666667;66,7;75
"88";"D";"10";2;62,5;7,5;40;1,21;17;81,8;468,6588094737;"A3";289,4736842105;50,4666666666667;70;62,5
"89";"D";"10";3;68,5;7,1;26;1,44;23;81,8;468,6588094737;"A3";289,4736842105;50,4666666666667;75,6;100
"90";"D";"10";4;58,5;7;38;1,65;19;81,8;468,6588094737;"A3";289,4736842105;50,4666666666667;65,5;100
"91";"D";"10";5;55,5;5,8;23;1,06;17;81,8;468,6588094737;"A3";289,4736842105;50,4666666666667;61,3;100
"92";"D";"10";6;65,9;7,3;29;1,45;19;81,8;468,6588094737;"A3";289,4736842105;50,4666666666667;73,2;100
"93";"D";"10";7;69;8,5;37;1,6;21;81,8;468,6588094737;"A3";289,4736842105;50,4666666666667;77,5;62,5
"94";"D";"10";8;68;7;32;1,24;19;81,8;468,6588094737;"A3";289,4736842105;50,4666666666667;75;100
"95";"D";"10";9;58,2;5;17;0,81;13;81,8;468,6588094737;"A3";289,4736842105;50,4666666666667;63,2;62,5
"96";"D";"10";10;83,9;10;55;3,34;23;81,8;468,6588094737;"A3";289,4736842105;50,4666666666667;93,9;100
"97";"D";"8";1;64,1;6,6;26;1,22;19;82,5;383,2470747368;"A3";258,5139318885;51,8462823725982;70,7;100
"98";"D";"8";2;73,1;8;42;3,01;21;82,5;383,2470747368;"A3";258,5139318885;51,8462823725982;81,1;100
"99";"D";"8";3;62,1;6;16;0,87;19;82,5;383,2470747368;"A3";258,5139318885;51,8462823725982;68,1;NA
"100";"D";"8";4;58,5;6;18;0,91;17;82,5;383,2470747368;"A3";258,5139318885;51,8462823725982;64,5;75
"101";"D";"8";5;71;8,2;35;1,98;19;82,5;383,2470747368;"A3";258,5139318885;51,8462823725982;79,2;75
"102";"D";"8";6;73,9;6;25;1,34;19;82,5;383,2470747368;"A3";258,5139318885;51,8462823725982;79,9;100
"103";"D";"8";7;68,6;6;25;1,49;17;82,5;383,2470747368;"A3";258,5139318885;51,8462823725982;74,6;100
"104";"D";"8";8;67;9;50;2,35;25;82,5;383,2470747368;"A3";258,5139318885;51,8462823725982;76;100
"105";"D";"8";9;67,6;7,6;36;1,11;19;82,5;383,2470747368;"A3";258,5139318885;51,8462823725982;75,2;100
"106";"D";"8";10;49;5,2;6;0,34;17;82,5;383,2470747368;"A3";258,5139318885;51,8462823725982;54,2;NA
"107";"D";"15";1;58,4;7,9;28;1,35;21;80,4;429,8261933553;"B3";301,8575851393;47,5333333333333;66,3;75
"108";"D";"15";2;63,5;7,6;32;1,79;19;80,4;429,8261933553;"B3";301,8575851393;47,5333333333333;71,1;100
"109";"D";"15";3;77;7,5;26;1,55;17;80,4;429,8261933553;"B3";301,8575851393;47,5333333333333;84,5;100
"110";"D";"15";4;67,8;6;14;0,73;15;80,4;429,8261933553;"B3";301,8575851393;47,5333333333333;73,8;87,5
"111";"D";"15";5;68,4;6,9;36;1,92;21;80,4;429,8261933553;"B3";301,8575851393;47,5333333333333;75,3;100
"112";"D";"15";6;59;10;56;2,75;25;80,4;429,8261933553;"B3";301,8575851393;47,5333333333333;69;75
"113";"D";"15";7;64,5;9,5;32;1,74;21;80,4;429,8261933553;"B3";301,8575851393;47,5333333333333;74;100
"114";"D";"15";8;64,9;8,6;31;1,6;21;80,4;429,8261933553;"B3";301,8575851393;47,5333333333333;73,5;87,5
"115";"D";"15";9;69,7;7,5;34;1,62;19;80,4;429,8261933553;"B3";301,8575851393;47,5333333333333;77,2;100
"116";"D";"15";10;73;6;22;1,2;17;80,4;429,8261933553;"B3";301,8575851393;47,5333333333333;79;100
"117";"D";"31";1;67,3;6,9;45;1,89;19;82,7;304,8557565789;"C3";238,3900928793;52,6188490408674;74,2;100
"118";"D";"31";2;54,5;8;34;1,6;21;82,7;304,8557565789;"C3";238,3900928793;52,6188490408674;62,5;87,5
"119";"D";"31";3;77,1;7,5;58;3,02;21;82,7;304,8557565789;"C3";238,3900928793;52,6188490408674;84,6;100
"120";"D";"31";4;68;8,2;46;2,36;23;82,7;304,8557565789;"C3";238,3900928793;52,6188490408674;76,2;100
"121";"D";"31";5;47,9;7;38;1,18;21;82,7;304,8557565789;"C3";238,3900928793;52,6188490408674;54,9;87,5
"122";"D";"31";6;60;6,7;21;0,97;19;82,7;304,8557565789;"C3";238,3900928793;52,6188490408674;66,7;87,5
"123";"D";"31";7;67,2;7;34;1,36;19;82,7;304,8557565789;"C3";238,3900928793;52,6188490408674;74,2;100
"124";"D";"31";8;60,1;6;26;1,13;17;82,7;304,8557565789;"C3";238,3900928793;52,6188490408674;66,1;100
"125";"D";"31";9;61,4;6;28;1,35;15;82,7;304,8557565789;"C3";238,3900928793;52,6188490408674;67,4;75
"126";"D";"31";10;75;6,5;24;1,49;17;82,7;304,8557565789;"C3";238,3900928793;52,6188490408674;81,5;100
"127";"D";"41";1;74,9;9,5;34;2,22;21;82;454,5039473684;"D3";295,6656346749;50,1416666666667;84,4;100
"128";"D";"41";2;62;6;21;1,1;19;82;454,5039473684;"D3";295,6656346749;50,1416666666667;68;100
"129";"D";"41";3;64,1;5,2;24;1,33;17;82;454,5039473684;"D3";295,6656346749;50,1416666666667;69,3;100
"130";"D";"41";4;61,1;9;NA;2,86;25;82;454,5039473684;"D3";295,6656346749;50,1416666666667;70,1;87,5
"131";"D";"41";5;50;6;31;0,89;15;82;454,5039473684;"D3";295,6656346749;50,1416666666667;56;100
"132";"D";"41";6;55,4;6,4;22;1,03;17;82;454,5039473684;"D3";295,6656346749;50,1416666666667;61,8;87,5
"133";"D";"41";7;63,6;6,1;25;1,31;19;82;454,5039473684;"D3";295,6656346749;50,1416666666667;69,7;100
"134";"D";"41";8;58,1;6,5;27;1,43;19;82;454,5039473684;"D3";295,6656346749;50,1416666666667;64,6;87,5
"135";"D";"41";9;63,5;6,1;29;1,16;19;82;454,5039473684;"D3";295,6656346749;50,1416666666667;69,6;100
"136";"D";"41";10;NA;5,6;20;0,82;17;82;454,5039473684;"D3";295,6656346749;50,1416666666667;NA;100
"137";"D";"33";1;67;6;19;1,13;17;82,8;312,1059236842;"C3";238,3900928793;52,2685571309425;73;75
"138";"D";"33";2;65,6;5,5;23;1,24;17;82,8;312,1059236842;"C3";238,3900928793;52,2685571309425;71,1;87,5
"139";"D";"33";3;74;8;51;2,67;19;82,8;312,1059236842;"C3";238,3900928793;52,2685571309425;82;100
"140";"D";"33";4;50;7,3;30;1,62;21;82,8;312,1059236842;"C3";238,3900928793;52,2685571309425;57,3;87,5
"141";"D";"33";5;74,5;6,1;21;1,17;17;82,8;312,1059236842;"C3";238,3900928793;52,2685571309425;80,6;87,5
"142";"D";"33";6;68;6,1;34;1,82;17;82,8;312,1059236842;"C3";238,3900928793;52,2685571309425;74,1;100
"143";"D";"33";7;66,5;6;27;1,33;19;82,8;312,1059236842;"C3";238,3900928793;52,2685571309425;72,5;100
"144";"D";"33";8;67;6,1;29;1,37;17;82,8;312,1059236842;"C3";238,3900928793;52,2685571309425;73,1;100
"145";"D";"33";9;68,5;5,5;20;1,04;15;82,8;312,1059236842;"C3";238,3900928793;52,2685571309425;74;100
"146";"D";"33";10;64,9;6;25;1,29;15;82,8;312,1059236842;"C3";238,3900928793;52,2685571309425;70,9;100
"147";"D";"18";1;66,5;8;59;2,49;19;80,8;491,86137;"B3";255,4179566563;48,4583333333333;74,5;100
"148";"D";"18";2;76,5;8;37;2,14;19;80,8;491,86137;"B3";255,4179566563;48,4583333333333;84,5;100
"149";"D";"18";3;83,4;7,5;33;1,3;19;80,8;491,86137;"B3";255,4179566563;48,4583333333333;90,9;100
"150";"D";"18";4;71;8,6;38;2,26;19;80,8;491,86137;"B3";255,4179566563;48,4583333333333;79,6;100
"151";"D";"18";5;70,2;9,4;53;2,48;21;80,8;491,86137;"B3";255,4179566563;48,4583333333333;79,6;100
"152";"D";"18";6;75,8;9;32;1,99;19;80,8;491,86137;"B3";255,4179566563;48,4583333333333;84,8;100
"153";"D";"18";7;46,8;7,4;9;0,36;21;80,8;491,86137;"B3";255,4179566563;48,4583333333333;54,2;NA
"154";"D";"18";8;52,5;6,7;21;0,53;19;80,8;491,86137;"B3";255,4179566563;48,4583333333333;59,2;75
"155";"D";"18";9;52;6;41;1,51;15;80,8;491,86137;"B3";255,4179566563;48,4583333333333;58;87,5
"156";"D";"18";10;65,4;8;25;1,24;21;80,8;491,86137;"B3";255,4179566563;48,4583333333333;73,4;100
"157";"D";"11";1;77,7;7,9;44;2,16;19;81,6;403,3346826316;"A3";222,9102167183;50,5620805369128;85,6;100
"158";"D";"11";2;59,4;10;37;1,93;25;81,6;403,3346826316;"A3";222,9102167183;50,5620805369128;69,4;87,5
"159";"D";"11";3;70;5;23;1,15;19;81,6;403,3346826316;"A3";222,9102167183;50,5620805369128;75;87,5
"160";"D";"11";4;54,6;6;14;0,55;17;81,6;403,3346826316;"A3";222,9102167183;50,5620805369128;60,6;75
"161";"D";"11";5;47,5;6,5;24;1,05;19;81,6;403,3346826316;"A3";222,9102167183;50,5620805369128;54;87,5
"162";"D";"11";6;65;6,5;30;1,4;19;81,6;403,3346826316;"A3";222,9102167183;50,5620805369128;71,5;87,5
"163";"D";"11";7;85,3;7;49;2,68;21;81,6;403,3346826316;"A3";222,9102167183;50,5620805369128;92,3;100
"164";"D";"11";8;72,4;7,5;36;2,07;19;81,6;403,3346826316;"A3";222,9102167183;50,5620805369128;79,9;100
"165";"D";"11";9;70,5;8;34;2,23;19;81,6;403,3346826316;"A3";222,9102167183;50,5620805369128;78,5;87,5
"166";"D";"11";10;62,7;7,4;30;1,51;19;81,6;403,3346826316;"A3";222,9102167183;50,5620805369128;70,1;100
"167";"D";"27";1;60,7;6,1;24;1,17;21;81,2;485,9419789474;"C3";294,1176470588;47,9316096747289;66,8;100
"168";"D";"27";2;54,5;8,5;60;2,39;23;81,2;485,9419789474;"C3";294,1176470588;47,9316096747289;63;100
"169";"D";"27";3;56,9;5,6;22;1,11;15;81,2;485,9419789474;"C3";294,1176470588;47,9316096747289;62,5;87,5
"170";"D";"27";4;66,9;6,1;30;1,72;19;81,2;485,9419789474;"C3";294,1176470588;47,9316096747289;73;100
"171";"D";"27";5;66,5;6,1;28;1,12;17;81,2;485,9419789474;"C3";294,1176470588;47,9316096747289;72,6;87,5
"172";"D";"27";6;67,2;7;32;1,63;21;81,2;485,9419789474;"C3";294,1176470588;47,9316096747289;74,2;100
"173";"D";"27";7;63,3;7,5;41;1,63;19;81,2;485,9419789474;"C3";294,1176470588;47,9316096747289;70,8;87,5
"174";"D";"27";8;74,5;9;47;2,86;21;81,2;485,9419789474;"C3";294,1176470588;47,9316096747289;83,5;100
"175";"D";"27";9;62;6,6;30;1,12;17;81,2;485,9419789474;"C3";294,1176470588;47,9316096747289;68,6;87,5
"176";"D";"27";10;79,8;7,6;37;1,51;23;81,2;485,9419789474;"C3";294,1176470588;47,9316096747289;87,4;100
"177";"D";"12";1;60,1;8,1;28;1,48;21;81,9;391,8494703947;"A3";286,3777089783;50,8514190317195;68,2;100
"178";"D";"12";2;66;6;30;1,51;15;81,9;391,8494703947;"A3";286,3777089783;50,8514190317195;72;87,5
"179";"D";"12";3;60;6,5;31;1,76;21;81,9;391,8494703947;"A3";286,3777089783;50,8514190317195;66,5;100
"180";"D";"12";4;69,6;5,7;25;1,44;15;81,9;391,8494703947;"A3";286,3777089783;50,8514190317195;75,3;100
"181";"D";"12";5;61;8,5;41;2,5;25;81,9;391,8494703947;"A3";286,3777089783;50,8514190317195;69,5;100
"182";"D";"12";6;62,4;7;40;1,59;17;81,9;391,8494703947;"A3";286,3777089783;50,8514190317195;69,4;100
"183";"D";"12";7;54,7;5,6;21;1,2;17;81,9;391,8494703947;"A3";286,3777089783;50,8514190317195;60,3;87,5
"184";"D";"12";8;66,6;8;12;0,66;19;81,9;391,8494703947;"A3";286,3777089783;50,8514190317195;74,6;75
"185";"D";"12";9;66;6,1;25;1,43;17;81,9;391,8494703947;"A3";286,3777089783;50,8514190317195;72,1;100
"186";"D";"12";10;68,9;7,5;26;1,57;15;81,9;391,8494703947;"A3";286,3777089783;50,8514190317195;76,4;100
"187";"D";"7";1;66;5,6;23;1,32;17;81,8;348,9846205263;"A3";247,6780185759;48,0833333333333;71,6;75
"188";"D";"7";2;70,6;6,9;25;1,27;19;81,8;348,9846205263;"A3";247,6780185759;48,0833333333333;77,5;87,5
"189";"D";"7";3;68,2;7,5;50;2,61;23;81,8;348,9846205263;"A3";247,6780185759;48,0833333333333;75,7;100
"190";"D";"7";4;70,6;8;48;1,5;21;81,8;348,9846205263;"A3";247,6780185759;48,0833333333333;78,6;87,5
"191";"D";"7";5;69,7;6,5;42;2,54;17;81,8;348,9846205263;"A3";247,6780185759;48,0833333333333;76,2;100
"192";"D";"7";6;70;6,9;34;1,65;19;81,8;348,9846205263;"A3";247,6780185759;48,0833333333333;76,9;100
"193";"D";"7";7;67;6,2;30;0,81;19;81,8;348,9846205263;"A3";247,6780185759;48,0833333333333;73,2;100
"194";"D";"7";8;85,1;7,4;34;1,72;19;81,8;348,9846205263;"A3";247,6780185759;48,0833333333333;92,5;100
"195";"D";"7";9;67,2;6;36;2,22;17;81,8;348,9846205263;"A3";247,6780185759;48,0833333333333;73,2;100
"196";"D";"7";10;77,2;7,5;35;1,92;21;81,8;348,9846205263;"A3";247,6780185759;48,0833333333333;84,7;100
"197";"D";"16";1;68,9;7,4;26;1,53;15;81,4;486,9737960526;"B3";301,8575851393;47,5833333333333;76,3;87,5
"198";"D";"16";2;76;5,9;38;2,22;19;81,4;486,9737960526;"B3";301,8575851393;47,5833333333333;81,9;100
"199";"D";"16";3;75,4;6;19;0,81;13;81,4;486,9737960526;"B3";301,8575851393;47,5833333333333;81,4;100
"200";"D";"16";4;68,5;7,2;48;2,08;19;81,4;486,9737960526;"B3";301,8575851393;47,5833333333333;75,7;75
"201";"D";"16";5;60,5;9,1;54;2,07;21;81,4;486,9737960526;"B3";301,8575851393;47,5833333333333;69,6;100
"202";"D";"16";6;53,5;5;17;0,67;17;81,4;486,9737960526;"B3";301,8575851393;47,5833333333333;58,5;87,5
"203";"D";"16";7;57,5;5;18;0,83;17;81,4;486,9737960526;"B3";301,8575851393;47,5833333333333;62,5;75
"204";"D";"16";8;58,2;5,6;20;0,79;15;81,4;486,9737960526;"B3";301,8575851393;47,5833333333333;63,8;87,5
"205";"D";"16";9;39,8;5,1;13;0,35;15;81,4;486,9737960526;"B3";301,8575851393;47,5833333333333;44,9;NA
"206";"D";"16";10;76;6;40;2,14;19;81,4;486,9737960526;"B3";301,8575851393;47,5833333333333;82;100
"207";"D";"43";1;71,7;6,6;22;1,18;17;80,5;337,6758;"D3";162,5386996904;51,938178780284;78,3;100
"208";"D";"43";2;75,4;6,5;30;2,2;21;80,5;337,6758;"D3";162,5386996904;51,938178780284;81,9;100
"209";"D";"43";3;55,5;5;19;0,85;15;80,5;337,6758;"D3";162,5386996904;51,938178780284;60,5;75
"210";"D";"43";4;71,4;7;24;1,42;15;80,5;337,6758;"D3";162,5386996904;51,938178780284;78,4;87,5
"211";"D";"43";5;68,3;6,5;27;1,44;19;80,5;337,6758;"D3";162,5386996904;51,938178780284;74,8;100
"212";"D";"43";6;62,4;6,9;23;1,12;19;80,5;337,6758;"D3";162,5386996904;51,938178780284;69,3;87,5
"213";"D";"43";7;76,6;8,5;28;1,66;19;80,5;337,6758;"D3";162,5386996904;51,938178780284;85,1;87,5
"214";"D";"43";8;73;6,6;24;1,23;17;80,5;337,6758;"D3";162,5386996904;51,938178780284;79,6;100
"215";"D";"43";9;53,4;5,4;13;0,33;14;80,5;337,6758;"D3";162,5386996904;51,938178780284;58,8;87,5
"216";"D";"43";10;49;5,1;14;0,57;13;80,5;337,6758;"D3";162,5386996904;51,938178780284;54,1;75
"217";"D";"21";1;78,6;9;42;2,1;23;80,8;413,6661236842;"B3";318,8854489164;49,3405676126878;87,6;87,5
"218";"D";"21";2;63;6;20;0,8;13;80,8;413,6661236842;"B3";318,8854489164;49,3405676126878;69;62,5
"219";"D";"21";3;74,4;8;41;2,13;25;80,8;413,6661236842;"B3";318,8854489164;49,3405676126878;82,4;100
"220";"D";"21";4;60,9;7,4;27;1,26;23;80,8;413,6661236842;"B3";318,8854489164;49,3405676126878;68,3;100
"221";"D";"21";5;68,1;5,5;19;0,62;15;80,8;413,6661236842;"B3";318,8854489164;49,3405676126878;73,6;NA
"222";"D";"21";6;72,2;7,1;42;1,75;21;80,8;413,6661236842;"B3";318,8854489164;49,3405676126878;79,3;100
"223";"D";"21";7;75,5;8;27;1,05;17;80,8;413,6661236842;"B3";318,8854489164;49,3405676126878;83,5;75
"224";"D";"21";8;67;7,5;39;2,39;21;80,8;413,6661236842;"B3";318,8854489164;49,3405676126878;74,5;100
"225";"D";"21";9;70;6,5;28;1,78;19;80,8;413,6661236842;"B3";318,8854489164;49,3405676126878;76,5;100
"226";"D";"21";10;72,5;8;38;2,58;19;80,8;413,6661236842;"B3";318,8854489164;49,3405676126878;80,5;100
"227";"D";"28";1;75;7,1;24;1,2;17;81,7;482,3383157895;"C3";351,3931888545;48,5333333333333;82,1;100
"228";"D";"28";2;52,5;6;13;1,46;13;81,7;482,3383157895;"C3";351,3931888545;48,5333333333333;58,5;75
"229";"D";"28";3;62,9;6,5;30;1,17;19;81,7;482,3383157895;"C3";351,3931888545;48,5333333333333;69,4;87,5
"230";"D";"28";4;65,4;6;25;0,96;21;81,7;482,3383157895;"C3";351,3931888545;48,5333333333333;71,4;100
"231";"D";"28";5;54,5;6;22;1,24;19;81,7;482,3383157895;"C3";351,3931888545;48,5333333333333;60,5;87,5
"232";"D";"28";6;62,5;5;27;0,54;15;81,7;482,3383157895;"C3";351,3931888545;48,5333333333333;67,5;75
"233";"D";"28";7;59,5;5,5;18;1,31;21;81,7;482,3383157895;"C3";351,3931888545;48,5333333333333;65;75
"234";"D";"28";8;63,4;7;24;1,37;19;81,7;482,3383157895;"C3";351,3931888545;48,5333333333333;70,4;100
"235";"D";"28";9;65;7;35;0,41;19;81,7;482,3383157895;"C3";351,3931888545;48,5333333333333;72;75
"236";"D";"28";10;78,8;8;27;1,18;21;81,7;482,3383157895;"C3";351,3931888545;48,5333333333333;86,8;100
"237";"D";"19";1;66,1;9;35;1,31;21;81,3;356,8230335526;"B3";368,4210526316;47,8947368421053;75,1;100
"238";"D";"19";2;67;6,5;33;1,53;17;81,3;356,8230335526;"B3";368,4210526316;47,8947368421053;73,5;100
"239";"D";"19";3;74,3;8,4;41;1,76;19;81,3;356,8230335526;"B3";368,4210526316;47,8947368421053;82,7;100
"240";"D";"19";4;83;9;41;2,42;21;81,3;356,8230335526;"B3";368,4210526316;47,8947368421053;92;100
"241";"D";"19";5;69,5;8;47;2,24;21;81,3;356,8230335526;"B3";368,4210526316;47,8947368421053;77,5;100
"242";"D";"19";6;70,2;8;31;1,58;21;81,3;356,8230335526;"B3";368,4210526316;47,8947368421053;78,2;87,5
"243";"D";"19";7;72,6;7,8;43;2,18;21;81,3;356,8230335526;"B3";368,4210526316;47,8947368421053;80,4;100
"244";"D";"19";8;64,3;9;41;1,52;21;81,3;356,8230335526;"B3";368,4210526316;47,8947368421053;73,3;87,5
"245";"D";"19";9;51,8;7;25;1,44;21;81,3;356,8230335526;"B3";368,4210526316;47,8947368421053;58,8;100
"246";"D";"19";10;70,5;8;25;0,95;19;81,3;356,8230335526;"B3";368,4210526316;47,8947368421053;78,5;100
"247";"D";"2";1;53;6,5;22;1,06;21;82,4;462,4883052632;"A3";301,8575851393;50,6171809841535;59,5;87,5
"248";"D";"2";2;49,3;6,5;27;1,17;19;82,4;462,4883052632;"A3";301,8575851393;50,6171809841535;55,8;75
"249";"D";"2";3;NA;3,5;4;0,14;11;82,4;462,4883052632;"A3";301,8575851393;50,6171809841535;NA;NA
"250";"D";"2";4;63;6,1;22;1,24;19;82,4;462,4883052632;"A3";301,8575851393;50,6171809841535;69,1;100
"251";"D";"2";5;66,5;6,3;23;1,19;17;82,4;462,4883052632;"A3";301,8575851393;50,6171809841535;72,8;75
"252";"D";"2";6;66,1;5,8;26;1,44;17;82,4;462,4883052632;"A3";301,8575851393;50,6171809841535;71,9;100
"253";"D";"2";7;57,3;6;28;1,22;17;82,4;462,4883052632;"A3";301,8575851393;50,6171809841535;63,3;87,5
"254";"D";"2";8;73,7;8,8;51;2,26;25;82,4;462,4883052632;"A3";301,8575851393;50,6171809841535;82,5;100
"255";"D";"2";9;67,1;6;30;1,43;17;82,4;462,4883052632;"A3";301,8575851393;50,6171809841535;73,1;100
"256";"D";"2";10;63,4;6,5;25;1,31;19;82,4;462,4883052632;"A3";301,8575851393;50,6171809841535;69,9;75
"257";"D";"23";1;67,8;8,5;40;2,07;19;80,8;375,9974842105;"B3";289,4736842105;46,9808173477898;76,3;100
"258";"D";"23";2;70,4;7;20;0,85;19;80,8;375,9974842105;"B3";289,4736842105;46,9808173477898;77,4;100
"259";"D";"23";3;68,1;6,5;39;1,73;17;80,8;375,9974842105;"B3";289,4736842105;46,9808173477898;74,6;100
"260";"D";"23";4;68;6,5;38;1,62;19;80,8;375,9974842105;"B3";289,4736842105;46,9808173477898;74,5;100
"261";"D";"23";5;73,7;7,5;25;1,39;17;80,8;375,9974842105;"B3";289,4736842105;46,9808173477898;81,2;87,5
"262";"D";"23";6;68,6;7,7;20;0,91;19;80,8;375,9974842105;"B3";289,4736842105;46,9808173477898;76,3;87,5
"263";"D";"23";7;63,5;8,6;52;2,64;21;80,8;375,9974842105;"B3";289,4736842105;46,9808173477898;72,1;100
"264";"D";"23";8;68,1;7;35;1,65;21;80,8;375,9974842105;"B3";289,4736842105;46,9808173477898;75,1;100
"265";"D";"23";9;53;6,9;46;1,78;21;80,8;375,9974842105;"B3";289,4736842105;46,9808173477898;59,9;100
"266";"D";"23";10;77,5;7;25;1,69;17;80,8;375,9974842105;"B3";289,4736842105;46,9808173477898;84,5;100
"267";"D";"4";1;63,2;7,6;44;2,11;21;81,2;389,5203157895;"A3";301,8575851393;47,6627712854758;70,8;87,5
"268";"D";"4";2;70;7,1;45;2,42;17;81,2;389,5203157895;"A3";301,8575851393;47,6627712854758;77,1;100
"269";"D";"4";3;58,8;6,5;23;0,47;17;81,2;389,5203157895;"A3";301,8575851393;47,6627712854758;65,3;100
"270";"D";"4";4;64,7;7;47;1,82;19;81,2;389,5203157895;"A3";301,8575851393;47,6627712854758;71,7;100
"271";"D";"4";5;64,6;9,5;36;1,78;25;81,2;389,5203157895;"A3";301,8575851393;47,6627712854758;74,1;100
"272";"D";"4";6;57,4;6,6;24;1,09;21;81,2;389,5203157895;"A3";301,8575851393;47,6627712854758;64;100
"273";"D";"4";7;68,6;7,5;35;1,97;17;81,2;389,5203157895;"A3";301,8575851393;47,6627712854758;76,1;100
"274";"D";"4";8;64,1;6;25;1,28;19;81,2;389,5203157895;"A3";301,8575851393;47,6627712854758;70,1;100
"275";"D";"4";9;52,6;6,5;32;1,02;17;81,2;389,5203157895;"A3";301,8575851393;47,6627712854758;59,1;100
"276";"D";"4";10;57,7;6,8;31;1,03;19;81,2;389,5203157895;"A3";301,8575851393;47,6627712854758;64,5;75
"277";"D";"1";1;58,9;8;44;1,64;19;81,7;442,5372631579;"A3";312,693498452;47,7916666666667;66,9;75
"278";"D";"1";2;72,9;8,5;26;1,43;19;81,7;442,5372631579;"A3";312,693498452;47,7916666666667;81,4;87,5
"279";"D";"1";3;55,2;5,6;20;0,92;15;81,7;442,5372631579;"A3";312,693498452;47,7916666666667;60,8;100
"280";"D";"1";4;69,9;7,1;33;1,74;23;81,7;442,5372631579;"A3";312,693498452;47,7916666666667;77;100
"281";"D";"1";5;63;6,5;20;1,02;19;81,7;442,5372631579;"A3";312,693498452;47,7916666666667;69,5;87,5
"282";"D";"1";6;57,2;7;36;1,9;23;81,7;442,5372631579;"A3";312,693498452;47,7916666666667;64,2;87,5
"283";"D";"1";7;66,2;7,5;50;1,9;21;81,7;442,5372631579;"A3";312,693498452;47,7916666666667;73,7;100
"284";"D";"1";8;62,7;5,1;19;0,95;15;81,7;442,5372631579;"A3";312,693498452;47,7916666666667;67,8;75
"285";"D";"1";9;65,5;8;47;2,52;23;81,7;442,5372631579;"A3";312,693498452;47,7916666666667;73,5;75
"286";"D";"1";10;64;9;32;1,83;21;81,7;442,5372631579;"A3";312,693498452;47,7916666666667;73;100
"287";"D";"46";1;66,5;6,5;19;0,83;17;80,9;345,4388947368;"D3";160,9907120743;49,640768588137;73;87,5
"288";"D";"46";2;56;7,7;31;1,46;19;80,9;345,4388947368;"D3";160,9907120743;49,640768588137;63,7;100
"289";"D";"46";3;61;5;12;0,67;13;80,9;345,4388947368;"D3";160,9907120743;49,640768588137;66;NA
"290";"D";"46";4;53;7;32;1,82;17;80,9;345,4388947368;"D3";160,9907120743;49,640768588137;60;100
"291";"D";"46";5;61;6;22;1,13;15;80,9;345,4388947368;"D3";160,9907120743;49,640768588137;67;87,5
"292";"D";"46";6;82,4;10,5;39;1,61;19;80,9;345,4388947368;"D3";160,9907120743;49,640768588137;92,9;87,5
"293";"D";"46";7;71,5;6,3;31;1,82;13;80,9;345,4388947368;"D3";160,9907120743;49,640768588137;77,8;100
"294";"D";"46";8;37,5;6;0;0;17;80,9;345,4388947368;"D3";160,9907120743;49,640768588137;43,5;NA
"295";"D";"46";9;71,2;5,6;43;2,21;21;80,9;345,4388947368;"D3";160,9907120743;49,640768588137;76,8;100
"296";"D";"46";10;59,4;6;21;1,14;19;80,9;345,4388947368;"D3";160,9907120743;49,640768588137;65,4;87,5
"297";"D";"20";1;70,5;6;31;1,66;15;80,4;374,4641894737;"B3";360,6811145511;48,5296574770259;76,5;87,5
"298";"D";"20";2;69,4;8;51;2,27;19;80,4;374,4641894737;"B3";360,6811145511;48,5296574770259;77,4;100
"299";"D";"20";3;62,1;10,1;41;1,72;21;80,4;374,4641894737;"B3";360,6811145511;48,5296574770259;72,2;100
"300";"D";"20";4;58,5;7;37;1,48;17;80,4;374,4641894737;"B3";360,6811145511;48,5296574770259;65,5;100
"301";"D";"20";5;64,6;7;45;2,33;21;80,4;374,4641894737;"B3";360,6811145511;48,5296574770259;71,6;62,5
"302";"D";"20";6;67,2;6,5;34;1,5;17;80,4;374,4641894737;"B3";360,6811145511;48,5296574770259;73,7;100
"303";"D";"20";7;76,6;10;66;NA;19;80,4;374,4641894737;"B3";360,6811145511;48,5296574770259;86,6;100
"304";"D";"20";8;68,9;9;46;0,99;21;80,4;374,4641894737;"B3";360,6811145511;48,5296574770259;77,9;75
"305";"D";"20";9;87,6;7,5;36;2,08;19;80,4;374,4641894737;"B3";360,6811145511;48,5296574770259;95,1;100
"306";"D";"20";10;65,9;9;40;2,2;21;80,4;374,4641894737;"B3";360,6811145511;48,5296574770259;74,9;100
"307";"D";"32";1;64;7,8;41;1,76;17;81,2;329,0561727632;"C3";199,6904024768;45,9382819015847;71,8;100
"308";"D";"32";2;69,1;5;19;1,06;17;81,2;329,0561727632;"C3";199,6904024768;45,9382819015847;74,1;100
"309";"D";"32";3;76;8;34;1,95;21;81,2;329,0561727632;"C3";199,6904024768;45,9382819015847;84;100
"310";"D";"32";4;66,6;7;26;1,5;19;81,2;329,0561727632;"C3";199,6904024768;45,9382819015847;73,6;100
"311";"D";"32";5;54;6;20;0,96;17;81,2;329,0561727632;"C3";199,6904024768;45,9382819015847;60;100
"312";"D";"32";6;79,3;6;48;2,65;21;81,2;329,0561727632;"C3";199,6904024768;45,9382819015847;85,3;100
"313";"D";"32";7;69,7;5,1;21;1,66;15;81,2;329,0561727632;"C3";199,6904024768;45,9382819015847;74,8;75
"314";"D";"32";8;53,2;6;16;0,73;17;81,2;329,0561727632;"C3";199,6904024768;45,9382819015847;59,2;87,5
"315";"D";"32";9;64,5;8,5;40;2,24;21;81,2;329,0561727632;"C3";199,6904024768;45,9382819015847;73;87,5
"316";"D";"32";10;62,8;10;44;1,88;21;81,2;329,0561727632;"C3";199,6904024768;45,9382819015847;72,8;100
"317";"D";"44";1;68;7,5;48;2,07;21;80;366,4314584211;"D3";219,8142414861;50,8013355592654;75,5;100
"318";"D";"44";2;56,5;6;21;1,27;19;80;366,4314584211;"D3";219,8142414861;50,8013355592654;62,5;100
"319";"D";"44";3;56,1;6;18;0,91;19;80;366,4314584211;"D3";219,8142414861;50,8013355592654;62,1;75
"320";"D";"44";4;64;8;52;2,68;21;80;366,4314584211;"D3";219,8142414861;50,8013355592654;72;100
"321";"D";"44";5;56,4;6,5;26;1,37;15;80;366,4314584211;"D3";219,8142414861;50,8013355592654;62,9;87,5
"322";"D";"44";6;71,9;6,5;42;2,06;17;80;366,4314584211;"D3";219,8142414861;50,8013355592654;78,4;100
"323";"D";"44";7;64;6;28;1,6;19;80;366,4314584211;"D3";219,8142414861;50,8013355592654;70;100
"324";"D";"44";8;60,4;7;21;1,27;19;80;366,4314584211;"D3";219,8142414861;50,8013355592654;67,4;100
"325";"D";"44";9;64;8;40;2,36;21;80;366,4314584211;"D3";219,8142414861;50,8013355592654;72;87,5
"326";"D";"44";10;64,9;6;38;1,45;17;80;366,4314584211;"D3";219,8142414861;50,8013355592654;70,9;100
"327";"D";"39";1;NA;6;1;0,07;11;81,2;422,4963368421;"D3";264,7058823529;47,35;NA;NA
"328";"D";"39";2;58,8;8,5;53;1,94;23;81,2;422,4963368421;"D3";264,7058823529;47,35;67,3;100
"329";"D";"39";3;51,2;6,5;30;0,82;19;81,2;422,4963368421;"D3";264,7058823529;47,35;57,7;87,5
"330";"D";"39";4;70,5;7;33;1,21;21;81,2;422,4963368421;"D3";264,7058823529;47,35;77,5;87,5
"331";"D";"39";5;61;8;48;2,17;25;81,2;422,4963368421;"D3";264,7058823529;47,35;69;100
"332";"D";"39";6;72;8,5;62;1,94;23;81,2;422,4963368421;"D3";264,7058823529;47,35;80,5;87,5
"333";"D";"39";7;60,9;5,5;22;1,3;17;81,2;422,4963368421;"D3";264,7058823529;47,35;66,4;87,5
"334";"D";"39";8;60;7;24;0,73;19;81,2;422,4963368421;"D3";264,7058823529;47,35;67;87,5
"335";"D";"39";9;62,3;6,5;41;1,96;21;81,2;422,4963368421;"D3";264,7058823529;47,35;68,8;100
"336";"D";"39";10;70,5;6;21;0,92;17;81,2;422,4963368421;"D3";264,7058823529;47,35;76,5;75
"337";"D";"9";1;67,9;8,7;32;1,59;19;81,4;379,4270921053;"A3";263,1578947368;50,6605351170569;76,6;100
"338";"D";"9";2;74,8;5,5;20;1,1;15;81,4;379,4270921053;"A3";263,1578947368;50,6605351170569;80,3;100
"339";"D";"9";3;74,6;6,6;31;1,74;17;81,4;379,4270921053;"A3";263,1578947368;50,6605351170569;81,2;100
"340";"D";"9";4;66,2;6,2;30;1,52;21;81,4;379,4270921053;"A3";263,1578947368;50,6605351170569;72,4;87,5
"341";"D";"9";5;63,8;8,1;53;2,69;23;81,4;379,4270921053;"A3";263,1578947368;50,6605351170569;71,9;100
"342";"D";"9";6;73,9;7;31;1,85;19;81,4;379,4270921053;"A3";263,1578947368;50,6605351170569;80,9;87,5
"343";"D";"9";7;78,5;7;30;1,77;21;81,4;379,4270921053;"A3";263,1578947368;50,6605351170569;85,5;100
"344";"D";"9";8;82;7;33;2,28;19;81,4;379,4270921053;"A3";263,1578947368;50,6605351170569;89;100
"345";"D";"9";9;61,6;4,5;20;0,88;15;81,4;379,4270921053;"A3";263,1578947368;50,6605351170569;66,1;100
"346";"D";"9";10;66,4;8,5;34;1,66;19;81,4;379,4270921053;"A3";263,1578947368;50,6605351170569;74,9;87,5
"347";"D";"45";1;59,8;8;30;1,67;21;81,7;336,0227822368;"D3";184,2105263158;50,7510548523207;67,8;100
"348";"D";"45";2;81;9;51;3,25;21;81,7;336,0227822368;"D3";184,2105263158;50,7510548523207;90;100
"349";"D";"45";3;65,3;6,4;45;2,06;17;81,7;336,0227822368;"D3";184,2105263158;50,7510548523207;71,7;100
"350";"D";"45";4;61,6;7,1;40;2,17;21;81,7;336,0227822368;"D3";184,2105263158;50,7510548523207;68,7;100
"351";"D";"45";5;57;5,6;22;0,99;15;81,7;336,0227822368;"D3";184,2105263158;50,7510548523207;62,6;75
"352";"D";"45";6;75;8;47;2,75;23;81,7;336,0227822368;"D3";184,2105263158;50,7510548523207;83;100
"353";"D";"45";7;52,5;5;18;0,86;17;81,7;336,0227822368;"D3";184,2105263158;50,7510548523207;57,5;87,5
"354";"D";"45";8;44;8;17;0,8;19;81,7;336,0227822368;"D3";184,2105263158;50,7510548523207;52;62,5
"355";"D";"45";9;51,8;7;19;1,15;19;81,7;336,0227822368;"D3";184,2105263158;50,7510548523207;58,8;100
"356";"D";"40";1;64,5;7,5;37;2,15;19;79,6;442,5369052632;"D3";226,0061919505;50,075;72;100
"357";"D";"40";2;63,5;7;20;1,06;19;79,6;442,5369052632;"D3";226,0061919505;50,075;70,5;100
"358";"D";"40";3;NA;5,7;16;0,5;15;79,6;442,5369052632;"D3";226,0061919505;50,075;NA;100
"359";"D";"40";4;56;6,4;15;0,65;17;79,6;442,5369052632;"D3";226,0061919505;50,075;62,4;87,5
"360";"D";"40";5;66,4;10;42;1,91;23;79,6;442,5369052632;"D3";226,0061919505;50,075;76,4;100
"361";"D";"40";6;54,6;7,4;28;1,37;19;79,6;442,5369052632;"D3";226,0061919505;50,075;62;100
"362";"D";"40";7;65,6;5,5;24;1,56;17;79,6;442,5369052632;"D3";226,0061919505;50,075;71,1;100
"363";"D";"40";8;55,5;7,5;46;2,21;19;79,6;442,5369052632;"D3";226,0061919505;50,075;63;87,5
"364";"D";"40";9;71;8,6;36;2,35;17;79,6;442,5369052632;"D3";226,0061919505;50,075;79,6;100
"365";"D";"5";1;63,5;9,5;32;1,62;23;80,9;362,0491473684;"A3";277,0897832817;46,6834592779177;73;100
"366";"D";"5";2;71;7;53;2,18;15;80,9;362,0491473684;"A3";277,0897832817;46,6834592779177;78;100
"367";"D";"5";3;69;9;62;3,21;25;80,9;362,0491473684;"A3";277,0897832817;46,6834592779177;78;100
"368";"D";"5";4;62,4;7;32;1,51;17;80,9;362,0491473684;"A3";277,0897832817;46,6834592779177;69,4;87,5
"369";"D";"5";5;65,9;9;42;2,03;23;80,9;362,0491473684;"A3";277,0897832817;46,6834592779177;74,9;100
"370";"D";"5";6;78,2;7,5;28;1,95;19;80,9;362,0491473684;"A3";277,0897832817;46,6834592779177;85,7;100
"371";"D";"5";7;46;5;20;0,66;15;80,9;362,0491473684;"A3";277,0897832817;46,6834592779177;51;100
"372";"D";"5";8;65,7;7,5;32;1,59;21;80,9;362,0491473684;"A3";277,0897832817;46,6834592779177;73,2;100
"373";"D";"5";9;68,5;7;29;1,73;17;80,9;362,0491473684;"A3";277,0897832817;46,6834592779177;75,5;100
"374";"D";"5";10;49,5;7;44;1,55;21;80,9;362,0491473684;"A3";277,0897832817;46,6834592779177;56,5;87,5
"375";"D";"34";1;63,8;6;32;1,2;19;81,2;359,0064947368;"C3";224,4582043344;52,6208651399491;69,8;100
"376";"D";"34";2;62,5;6,5;19;1,25;23;81,2;359,0064947368;"C3";224,4582043344;52,6208651399491;69;100
"377";"D";"34";3;60,9;5;16;0,67;13;81,2;359,0064947368;"C3";224,4582043344;52,6208651399491;65,9;100
"378";"D";"34";4;69,5;8;37;2,13;19;81,2;359,0064947368;"C3";224,4582043344;52,6208651399491;77,5;100
"379";"D";"34";5;64,3;5,4;29;0,95;17;81,2;359,0064947368;"C3";224,4582043344;52,6208651399491;69,7;87,5
"380";"D";"34";6;75,2;6,5;40;2,5;17;81,2;359,0064947368;"C3";224,4582043344;52,6208651399491;81,7;100
"381";"D";"34";7;67,6;6,5;43;1,13;19;81,2;359,0064947368;"C3";224,4582043344;52,6208651399491;74,1;100
"382";"D";"34";8;66,5;8,5;56;2,15;23;81,2;359,0064947368;"C3";224,4582043344;52,6208651399491;75;75
"383";"D";"34";9;49,4;5,5;20;0,94;17;81,2;359,0064947368;"C3";224,4582043344;52,6208651399491;54,9;100
"384";"D";"34";10;59;8;27;1,15;15;81,2;359,0064947368;"C3";224,4582043344;52,6208651399491;67;75
"385";"D";"36";1;82,5;9;68;NA;21;79,9;317,7706736842;"C3";250,7739938081;49,349457881568;91,5;100
"386";"D";"36";2;69,6;8;32;1,5;21;79,9;317,7706736842;"C3";250,7739938081;49,349457881568;77,6;87,5
"387";"D";"36";3;65,3;4,5;10;0,55;13;79,9;317,7706736842;"C3";250,7739938081;49,349457881568;69,8;100
"388";"D";"36";4;68,5;5,5;28;1,44;17;79,9;317,7706736842;"C3";250,7739938081;49,349457881568;74;100
"389";"D";"36";5;70,5;6,5;30;1,69;19;79,9;317,7706736842;"C3";250,7739938081;49,349457881568;77;100
"390";"D";"36";6;57;6,5;22;1,17;17;79,9;317,7706736842;"C3";250,7739938081;49,349457881568;63,5;100
"391";"D";"36";7;63,9;6;23;1,12;19;79,9;317,7706736842;"C3";250,7739938081;49,349457881568;69,9;100
"392";"D";"36";8;NA;4;12;0,58;13;79,9;317,7706736842;"C3";250,7739938081;49,349457881568;NA;100
"393";"D";"36";9;57,5;6,5;18;0,92;19;79,9;317,7706736842;"C3";250,7739938081;49,349457881568;64;100
"394";"D";"35";1;56,9;8;29;1,45;19;80,7;341,9690317105;"C3";256,9659442724;51,6791979949875;64,9;100
"395";"D";"35";2;52,4;5;14;0,75;13;80,7;341,9690317105;"C3";256,9659442724;51,6791979949875;57,4;100
"396";"D";"35";3;66,3;6,5;34;2;21;80,7;341,9690317105;"C3";256,9659442724;51,6791979949875;72,8;100
"397";"D";"35";4;51,9;5,1;15;0,81;13;80,7;341,9690317105;"C3";256,9659442724;51,6791979949875;57;75
"398";"D";"35";5;68,9;6;30;1,78;17;80,7;341,9690317105;"C3";256,9659442724;51,6791979949875;74,9;100
"399";"D";"35";6;62,9;6;16;0,83;19;80,7;341,9690317105;"C3";256,9659442724;51,6791979949875;68,9;62,5
"400";"D";"35";7;57,1;4,4;6;0,39;13;80,7;341,9690317105;"C3";256,9659442724;51,6791979949875;61,5;NA
"401";"D";"35";8;71,1;6;25;1,53;15;80,7;341,9690317105;"C3";256,9659442724;51,6791979949875;77,1;100
"402";"D";"35";9;66,4;7,1;38;1,76;19;80,7;341,9690317105;"C3";256,9659442724;51,6791979949875;73,5;100
"403";"D";"35";10;62,4;6;22;1,16;17;80,7;341,9690317105;"C3";256,9659442724;51,6791979949875;68,4;100
"404";"D";"22";1;63,3;6,8;29;1,35;15;80,7;343,6392631579;"B3";376,1609907121;50,3336113427857;70,1;87,5
"405";"D";"22";2;74,1;8,2;34;1,9;19;80,7;343,6392631579;"B3";376,1609907121;50,3336113427857;82,3;87,5
"406";"D";"22";3;70,5;6,5;32;2,03;19;80,7;343,6392631579;"B3";376,1609907121;50,3336113427857;77;100
"407";"D";"22";4;84;8,5;48;2,44;21;80,7;343,6392631579;"B3";376,1609907121;50,3336113427857;92,5;100
"408";"D";"22";5;73,5;6,1;36;1,97;19;80,7;343,6392631579;"B3";376,1609907121;50,3336113427857;79,6;100
"409";"D";"22";6;88,5;11;35;2,44;23;80,7;343,6392631579;"B3";376,1609907121;50,3336113427857;99,5;100
"410";"D";"22";7;65,4;6,1;27;1,38;17;80,7;343,6392631579;"B3";376,1609907121;50,3336113427857;71,5;100
"411";"D";"22";8;69,3;9,5;46;2,15;23;80,7;343,6392631579;"B3";376,1609907121;50,3336113427857;78,8;100
"412";"D";"22";9;72,4;6;29;1,64;17;80,7;343,6392631579;"B3";376,1609907121;50,3336113427857;78,4;100
"413";"D";"22";10;70,4;7;40;2,2;17;80,7;343,6392631579;"B3";376,1609907121;50,3336113427857;77,4;100
"414";"D";"42";1;73,3;9;48;2,65;19;81,3;516,5723789474;"D3";250,7739938081;48,9429530201342;82,3;100
"415";"D";"42";2;61;7,5;33;1,29;19;81,3;516,5723789474;"D3";250,7739938081;48,9429530201342;68,5;87,5
"416";"D";"42";3;60,5;7,6;31;2,02;17;81,3;516,5723789474;"D3";250,7739938081;48,9429530201342;68,1;87,5
"417";"D";"42";4;45,5;7;23;0,66;19;81,3;516,5723789474;"D3";250,7739938081;48,9429530201342;52,5;100
"418";"D";"42";5;65,4;6,5;40;1,82;19;81,3;516,5723789474;"D3";250,7739938081;48,9429530201342;71,9;100
"419";"D";"42";6;65,4;5,5;30;1,06;13;81,3;516,5723789474;"D3";250,7739938081;48,9429530201342;70,9;100
"420";"D";"42";7;62,7;7,2;45;1,87;21;81,3;516,5723789474;"D3";250,7739938081;48,9429530201342;69,9;87,5
"421";"D";"42";8;49,4;5,9;22;0,62;19;81,3;516,5723789474;"D3";250,7739938081;48,9429530201342;55,3;100
"422";"D";"42";9;66,2;7,1;21;1,18;17;81,3;516,5723789474;"D3";250,7739938081;48,9429530201342;73,3;100
"423";"D";"3";1;76;7;42;2,36;15;81;410,5096210526;"A3";306,5015479876;49,975;83;100
"424";"D";"3";2;73,7;6;34;1,97;17;81;410,5096210526;"A3";306,5015479876;49,975;79,7;100
"425";"D";"3";3;76,6;8,2;53;2,78;21;81;410,5096210526;"A3";306,5015479876;49,975;84,8;100
"426";"D";"3";4;68,5;6,5;36;1,78;15;81;410,5096210526;"A3";306,5015479876;49,975;75;100
"427";"D";"3";5;73,7;5,5;34;2,07;19;81;410,5096210526;"A3";306,5015479876;49,975;79,2;100
"428";"D";"3";6;58,5;6,5;34;1,66;17;81;410,5096210526;"A3";306,5015479876;49,975;65;87,5
"429";"D";"3";7;66;5,5;26;1,34;13;81;410,5096210526;"A3";306,5015479876;49,975;71,5;100
"430";"D";"3";8;59,1;5;13;0,56;13;81;410,5096210526;"A3";306,5015479876;49,975;64,1;75
"431";"D";"3";9;65,5;7,8;29;1,56;19;81;410,5096210526;"A3";306,5015479876;49,975;73,3;87,5
"432";"D";"3";10;81,5;5,8;21;1,48;17;81;410,5096210526;"A3";306,5015479876;49,975;87,3;100
"433";"D";"6";1;59;7,1;30;1,73;21;80,9;390,0984631579;"A3";NA;49,2577147623019;66,1;100
"434";"D";"6";2;59,6;5,5;15;0,79;15;80,9;390,0984631579;"A3";NA;49,2577147623019;65,1;87,5
"435";"D";"6";3;61,8;5,5;15;0,77;17;80,9;390,0984631579;"A3";NA;49,2577147623019;67,3;75
"436";"D";"6";4;57,6;5;16;0,69;17;80,9;390,0984631579;"A3";NA;49,2577147623019;62,6;100
"437";"D";"6";5;61,2;7;25;1,27;19;80,9;390,0984631579;"A3";NA;49,2577147623019;68,2;87,5
"438";"D";"6";6;60,5;5,6;30;1,31;15;80,9;390,0984631579;"A3";NA;49,2577147623019;66,1;100
"439";"D";"6";7;51,8;6;17;0,88;19;80,9;390,0984631579;"A3";NA;49,2577147623019;57,8;75
"440";"D";"6";8;NA;6;14;0,56;17;80,9;390,0984631579;"A3";NA;49,2577147623019;NA;NA
"441";"D";"6";9;50,4;7;19;0,9;15;80,9;390,0984631579;"A3";NA;49,2577147623019;57,4;75
"442";"D";"6";10;72,1;7;43;2,26;19;80,9;390,0984631579;"A3";NA;49,2577147623019;79,1;100
"443";"D";"38";1;60,6;7,5;37;1,95;21;81,5;444,9118973684;"D3";286,3777089783;49,775;68,1;100
"444";"D";"38";2;69,8;7;31;1,88;19;81,5;444,9118973684;"D3";286,3777089783;49,775;76,8;100
"445";"D";"38";3;47,2;5,5;22;0,94;13;81,5;444,9118973684;"D3";286,3777089783;49,775;52,7;100
"446";"D";"38";4;66,4;9;64;2,91;21;81,5;444,9118973684;"D3";286,3777089783;49,775;75,4;100
"447";"D";"38";5;53,5;8;38;1,24;19;81,5;444,9118973684;"D3";286,3777089783;49,775;61,5;100
"448";"D";"38";6;48,5;6;22;1,06;19;81,5;444,9118973684;"D3";286,3777089783;49,775;54,5;100
"449";"D";"38";7;49,7;7;37;1,87;21;81,5;444,9118973684;"D3";286,3777089783;49,775;56,7;100
"450";"D";"38";8;49;5;2;0,11;17;81,5;444,9118973684;"D3";286,3777089783;49,775;54;NA
"451";"D";"38";9;62,2;6,5;30;1,17;17;81,5;444,9118973684;"D3";286,3777089783;49,775;68,7;100
"452";"D";"38";10;57,5;5;10;0,7;15;81,5;444,9118973684;"D3";286,3777089783;49,775;62,5;87,5
"453";"D";"37";1;46,5;6;22;0,83;19;80,1;461,8818947368;"D3";300,3095975232;49,0058479532164;52,5;100
"454";"D";"37";2;50,5;7;26;0,74;21;80,1;461,8818947368;"D3";300,3095975232;49,0058479532164;57,5;100
"455";"D";"37";3;65,5;7,5;29;1,45;21;80,1;461,8818947368;"D3";300,3095975232;49,0058479532164;73;100
"456";"D";"37";4;65,5;8;25;1,01;21;80,1;461,8818947368;"D3";300,3095975232;49,0058479532164;73,5;87,5
"457";"D";"37";5;68;8;35;1,61;23;80,1;461,8818947368;"D3";300,3095975232;49,0058479532164;76;100
"458";"D";"37";6;76,5;7,6;47;2,37;19;80,1;461,8818947368;"D3";300,3095975232;49,0058479532164;84,1;100
"459";"D";"37";7;63,2;8,5;44;2,5;25;80,1;461,8818947368;"D3";300,3095975232;49,0058479532164;71,7;100
"460";"D";"37";8;70,4;7;30;1,46;19;80,1;461,8818947368;"D3";300,3095975232;49,0058479532164;77,4;100
"461";"D";"37";9;65,5;7;36;1,86;19;80,1;461,8818947368;"D3";300,3095975232;49,0058479532164;72,5;100
"462";"D";"37";10;68,4;7,6;37;1,55;21;80,1;461,8818947368;"D3";300,3095975232;49,0058479532164;76;100
"463";"R";"25";1;62;6,8;16;NA;17;78,2;707,1602631579;"G3";263,1578947368;53,5936188077246;68,8;75
"464";"R";"25";2;60,1;6,6;29;NA;17;78,2;707,1602631579;"G3";263,1578947368;53,5936188077246;66,7;87,5
"465";"R";"25";3;71,6;7,6;53;NA;23;78,2;707,1602631579;"G3";263,1578947368;53,5936188077246;79,2;100
"466";"R";"25";4;56,4;6,6;29;NA;19;78,2;707,1602631579;"G3";263,1578947368;53,5936188077246;63;87,5
"467";"R";"25";5;70,1;6,5;30;NA;19;78,2;707,1602631579;"G3";263,1578947368;53,5936188077246;76,6;87,5
"468";"R";"25";6;66,6;6,3;37;NA;21;78,2;707,1602631579;"G3";263,1578947368;53,5936188077246;72,9;87,5
"469";"R";"25";7;62,6;6,5;28;NA;23;78,2;707,1602631579;"G3";263,1578947368;53,5936188077246;69,1;75
"470";"R";"25";8;66,5;8;NA;NA;21;78,2;707,1602631579;"G3";263,1578947368;53,5936188077246;74,5;100
"471";"R";"25";9;72,9;7,5;47;NA;19;78,2;707,1602631579;"G3";263,1578947368;53,5936188077246;80,4;100
"472";"R";"25";10;81;6;25;NA;17;78,2;707,1602631579;"G3";263,1578947368;53,5936188077246;87;75
"473";"R";"48";1;71,8;8,5;50;2,74;23;79;521,660755;"H3";291,0216718266;55,7956448911223;80,3;100
"474";"R";"48";2;81,6;7;32;2,1;23;79;521,660755;"H3";291,0216718266;55,7956448911223;88,6;100
"475";"R";"48";3;61,1;6,5;22;1,11;21;79;521,660755;"H3";291,0216718266;55,7956448911223;67,6;75
"476";"R";"48";4;61,5;7;26;1,46;19;79;521,660755;"H3";291,0216718266;55,7956448911223;68,5;100
"477";"R";"48";5;76;7,9;42;2,17;23;79;521,660755;"H3";291,0216718266;55,7956448911223;83,9;100
"478";"R";"48";6;62,1;6,5;16;0,82;21;79;521,660755;"H3";291,0216718266;55,7956448911223;68,6;100
"479";"R";"48";7;71,3;7,2;28;1,69;21;79;521,660755;"H3";291,0216718266;55,7956448911223;78,5;75
"480";"R";"48";8;67,4;6,5;27;1,58;19;79;521,660755;"H3";291,0216718266;55,7956448911223;73,9;100
"481";"R";"48";9;68;7;42;1,95;21;79;521,660755;"H3";291,0216718266;55,7956448911223;75;100
"482";"R";"48";10;74,1;8;41;2,27;19;79;521,660755;"H3";291,0216718266;55,7956448911223;82,1;100
"483";"R";"36";1;72,9;6,8;20;0,98;21;78,4;525,1255578947;"G3";280,1857585139;56,3408521303258;79,7;62,5
"484";"R";"36";2;82,4;7,1;49;2,71;21;78,4;525,1255578947;"G3";280,1857585139;56,3408521303258;89,5;100
"485";"R";"36";3;76;6,5;33;2,06;23;78,4;525,1255578947;"G3";280,1857585139;56,3408521303258;82,5;100
"486";"R";"36";4;75,3;6;18;1,02;19;78,4;525,1255578947;"G3";280,1857585139;56,3408521303258;81,3;100
"487";"R";"36";5;71,4;6,5;21;1,14;19;78,4;525,1255578947;"G3";280,1857585139;56,3408521303258;77,9;100
"488";"R";"36";6;80,5;7,9;37;2,33;25;78,4;525,1255578947;"G3";280,1857585139;56,3408521303258;88,4;87,5
"489";"R";"36";7;68;6;10;0,49;17;78,4;525,1255578947;"G3";280,1857585139;56,3408521303258;74;62,5
"490";"R";"36";8;69,5;7;25;1,42;19;78,4;525,1255578947;"G3";280,1857585139;56,3408521303258;76,5;100
"491";"R";"36";9;80,4;6;22;1,27;21;78,4;525,1255578947;"G3";280,1857585139;56,3408521303258;86,4;87,5
"492";"R";"36";10;72,8;6;15;0,83;19;78,4;525,1255578947;"G3";280,1857585139;56,3408521303258;78,8;62,5
"493";"R";"46";1;67,1;7,5;24;1,06;21;78,7;499,1646315789;"H3";309,5975232198;53,0678960603521;74,6;75
"494";"R";"46";2;56,9;5,6;23;0,75;19;78,7;499,1646315789;"H3";309,5975232198;53,0678960603521;62,5;75
"495";"R";"46";3;76,1;7;31;2,04;21;78,7;499,1646315789;"H3";309,5975232198;53,0678960603521;83,1;87,5
"496";"R";"46";4;80,8;6;37;1,87;19;78,7;499,1646315789;"H3";309,5975232198;53,0678960603521;86,8;62,5
"497";"R";"46";5;75,3;8;55;2,75;23;78,7;499,1646315789;"H3";309,5975232198;53,0678960603521;83,3;100
"498";"R";"46";6;83;8;30;1,55;25;78,7;499,1646315789;"H3";309,5975232198;53,0678960603521;91;75
"499";"R";"46";7;74;8,5;33;1,76;21;78,7;499,1646315789;"H3";309,5975232198;53,0678960603521;82,5;87,5
"500";"R";"46";8;84,9;7;25;1,27;19;78,7;499,1646315789;"H3";309,5975232198;53,0678960603521;91,9;62,5
"501";"R";"46";9;80,2;8,5;57;3,41;25;78,7;499,1646315789;"H3";309,5975232198;53,0678960603521;88,7;87,5
"502";"R";"46";10;67,5;7,2;39;1,82;21;78,7;499,1646315789;"H3";309,5975232198;53,0678960603521;74,7;87,5
"503";"R";"8";1;83,3;8;47;3,1;21;76,2;622,2011096053;"E3";312,693498452;48,825;91,3;100
"504";"R";"8";2;73;7,5;32;1,73;21;76,2;622,2011096053;"E3";312,693498452;48,825;80,5;87,5
"505";"R";"8";3;87,5;7;32;1,82;21;76,2;622,2011096053;"E3";312,693498452;48,825;94,5;100
"506";"R";"8";4;69;6,1;30;1,75;19;76,2;622,2011096053;"E3";312,693498452;48,825;75,1;100
"507";"R";"8";5;78,4;5,5;24;1,3;17;76,2;622,2011096053;"E3";312,693498452;48,825;83,9;87,5
"508";"R";"8";6;53,1;5,5;14;0,69;17;76,2;622,2011096053;"E3";312,693498452;48,825;58,6;62,5
"509";"R";"8";7;89,2;7,1;48;2,74;23;76,2;622,2011096053;"E3";312,693498452;48,825;96,3;75
"510";"R";"8";8;78,4;8,5;60;2,63;25;76,2;622,2011096053;"E3";312,693498452;48,825;86,9;100
"511";"R";"8";9;65,7;6,5;28;1,5;19;76,2;622,2011096053;"E3";312,693498452;48,825;72,2;100
"512";"R";"8";10;75,4;7;36;2,04;23;76,2;622,2011096053;"E3";312,693498452;48,825;82,4;100
"513";"R";"19";1;70,5;7;32;1,49;23;76,7;449,8492032895;"F3";264,7058823529;55,625;77,5;75
"514";"R";"19";2;62;6,5;26;1,55;19;76,7;449,8492032895;"F3";264,7058823529;55,625;68,5;100
"515";"R";"19";3;86;6,5;36;2,1;23;76,7;449,8492032895;"F3";264,7058823529;55,625;92,5;87,5
"516";"R";"19";4;64,9;5,3;30;1,34;17;76,7;449,8492032895;"F3";264,7058823529;55,625;70,2;75
"517";"R";"19";5;72;7;44;1,61;23;76,7;449,8492032895;"F3";264,7058823529;55,625;79;87,5
"518";"R";"19";6;68;6,8;45;2,08;21;76,7;449,8492032895;"F3";264,7058823529;55,625;74,8;87,5
"519";"R";"19";7;66,5;7,1;25;1,36;19;76,7;449,8492032895;"F3";264,7058823529;55,625;73,6;87,5
"520";"R";"19";8;54,4;5,1;17;0,95;15;76,7;449,8492032895;"F3";264,7058823529;55,625;59,5;87,5
"521";"R";"19";9;65,6;8,5;20;1,2;21;76,7;449,8492032895;"F3";264,7058823529;55,625;74,1;87,5
"522";"R";"19";10;67,3;6,4;28;1,52;19;76,7;449,8492032895;"F3";264,7058823529;55,625;73,7;75
"523";"R";"38";1;75,9;6,5;24;1,28;19;77,8;533,6134363816;"H3";334,3653250774;52,1916666666667;82,4;100
"524";"R";"38";2;77,5;7,2;40;2,18;21;77,8;533,6134363816;"H3";334,3653250774;52,1916666666667;84,7;100
"525";"R";"38";3;79,5;8,2;36;1,65;23;77,8;533,6134363816;"H3";334,3653250774;52,1916666666667;87,7;100
"526";"R";"38";4;67,4;5,2;19;0,92;19;77,8;533,6134363816;"H3";334,3653250774;52,1916666666667;72,6;NA
"527";"R";"38";5;68,3;6,1;22;0,97;19;77,8;533,6134363816;"H3";334,3653250774;52,1916666666667;74,4;75
"528";"R";"38";6;72,5;7,5;39;2,08;23;77,8;533,6134363816;"H3";334,3653250774;52,1916666666667;80;100
"529";"R";"38";7;81;9;38;2,07;21;77,8;533,6134363816;"H3";334,3653250774;52,1916666666667;90;100
"530";"R";"38";8;76,5;7;41;1,97;21;77,8;533,6134363816;"H3";334,3653250774;52,1916666666667;83,5;100
"531";"R";"38";9;80,5;7;26;1,53;19;77,8;533,6134363816;"H3";334,3653250774;52,1916666666667;87,5;87,5
"532";"R";"38";10;69,5;6;17;0,84;19;77,8;533,6134363816;"H3";334,3653250774;52,1916666666667;75,5;62,5
"533";"R";"31";1;74;8,1;48;2,44;23;75;373,8587210526;"G3";226,0061919505;51,9545071609099;82,1;100
"534";"R";"31";2;78;5,5;37;1,7;23;75;373,8587210526;"G3";226,0061919505;51,9545071609099;83,5;100
"535";"R";"31";3;72,4;7;44;2,23;21;75;373,8587210526;"G3";226,0061919505;51,9545071609099;79,4;87,5
"536";"R";"31";4;79,5;6,5;46;2,01;19;75;373,8587210526;"G3";226,0061919505;51,9545071609099;86;87,5
"537";"R";"31";5;68;6;34;1,38;17;75;373,8587210526;"G3";226,0061919505;51,9545071609099;74;100
"538";"R";"31";6;70,5;6,1;30;1,85;21;75;373,8587210526;"G3";226,0061919505;51,9545071609099;76,6;100
"539";"R";"31";7;64,5;5;21;1,18;17;75;373,8587210526;"G3";226,0061919505;51,9545071609099;69,5;100
"540";"R";"31";8;57;6,1;39;2,38;19;75;373,8587210526;"G3";226,0061919505;51,9545071609099;63,1;100
"541";"R";"31";9;71,6;9;47;2,19;19;75;373,8587210526;"G3";226,0061919505;51,9545071609099;80,6;100
"542";"R";"31";10;79,6;7,5;39;1,83;21;75;373,8587210526;"G3";226,0061919505;51,9545071609099;87,1;100
"543";"R";"47";1;72,6;7,5;31;1,55;19;78,2;576,22725;"H3";297,213622291;56,1916666666667;80,1;100
"544";"R";"47";2;63,6;6;31;1,48;21;78,2;576,22725;"H3";297,213622291;56,1916666666667;69,6;100
"545";"R";"47";3;75,5;7,5;37;1,51;23;78,2;576,22725;"H3";297,213622291;56,1916666666667;83;100
"546";"R";"47";4;61,7;6;28;1,54;19;78,2;576,22725;"H3";297,213622291;56,1916666666667;67,7;100
"547";"R";"47";5;59;7;37;2,09;21;78,2;576,22725;"H3";297,213622291;56,1916666666667;66;100
"548";"R";"47";6;80,5;6;19;0,97;21;78,2;576,22725;"H3";297,213622291;56,1916666666667;86,5;75
"549";"R";"47";7;70,5;7,5;29;1,59;19;78,2;576,22725;"H3";297,213622291;56,1916666666667;78;100
"550";"R";"47";8;56,5;5;15;0,65;17;78,2;576,22725;"H3";297,213622291;56,1916666666667;61,5;100
"551";"R";"47";9;70,5;7;21;1,16;21;78,2;576,22725;"H3";297,213622291;56,1916666666667;77,5;100
"552";"R";"47";10;66;7;24;1,43;19;78,2;576,22725;"H3";297,213622291;56,1916666666667;73;75
"553";"R";"7";1;58,6;7;27;1,28;19;75,4;394,8657631579;"E3";213,6222910217;56,6221851542953;65,6;87,5
"554";"R";"7";2;81,6;7,3;31;2,09;21;75,4;394,8657631579;"E3";213,6222910217;56,6221851542953;88,9;87,5
"555";"R";"7";3;72;6;24;1,46;17;75,4;394,8657631579;"E3";213,6222910217;56,6221851542953;78;100
"556";"R";"7";4;76,3;6,5;30;1,15;21;75,4;394,8657631579;"E3";213,6222910217;56,6221851542953;82,8;100
"557";"R";"7";5;75,5;8;46;2,62;23;75,4;394,8657631579;"E3";213,6222910217;56,6221851542953;83,5;87,5
"558";"R";"7";6;69,6;7,5;28;1,36;21;75,4;394,8657631579;"E3";213,6222910217;56,6221851542953;77,1;75
"559";"R";"7";7;73,1;6;14;0,93;19;75,4;394,8657631579;"E3";213,6222910217;56,6221851542953;79,1;NA
"560";"R";"7";8;77,5;6,5;24;1,28;19;75,4;394,8657631579;"E3";213,6222910217;56,6221851542953;84;100
"561";"R";"7";9;86;10,5;47;2,54;25;75,4;394,8657631579;"E3";213,6222910217;56,6221851542953;96,5;75
"562";"R";"7";10;73,3;5,5;19;1,03;15;75,4;394,8657631579;"E3";213,6222910217;56,6221851542953;78,8;75
"563";"R";"11";1;72,9;6,5;19;0,96;21;75,9;590,8653568421;"E3";335,9133126935;57,2143452877398;79,4;62,5
"564";"R";"11";2;71,5;7,2;28;1,3;19;75,9;590,8653568421;"E3";335,9133126935;57,2143452877398;78,7;75
"565";"R";"11";3;67,3;5,5;22;1,34;17;75,9;590,8653568421;"E3";335,9133126935;57,2143452877398;72,8;100
"566";"R";"11";4;75,2;7;37;2,68;21;75,9;590,8653568421;"E3";335,9133126935;57,2143452877398;82,2;100
"567";"R";"11";5;64,5;7,5;29;1,75;23;75,9;590,8653568421;"E3";335,9133126935;57,2143452877398;72;75
"568";"R";"11";6;76;7;34;2,08;21;75,9;590,8653568421;"E3";335,9133126935;57,2143452877398;83;100
"569";"R";"11";7;78;7;31;2,05;21;75,9;590,8653568421;"E3";335,9133126935;57,2143452877398;85;100
"570";"R";"11";8;78,1;8;57;2,74;23;75,9;590,8653568421;"E3";335,9133126935;57,2143452877398;86,1;75
"571";"R";"11";9;74;8,5;55;2,92;21;75,9;590,8653568421;"E3";335,9133126935;57,2143452877398;82,5;100
"572";"R";"11";10;77,5;7;49;1,92;21;75,9;590,8653568421;"E3";335,9133126935;57,2143452877398;84,5;100
"573";"R";"43";1;72,5;6;29;1,62;19;78,2;538,8321027632;"H3";280,1857585139;56,5416666666667;78,5;100
"574";"R";"43";2;69,5;7,5;45;2,61;23;78,2;538,8321027632;"H3";280,1857585139;56,5416666666667;77;100
"575";"R";"43";3;78,8;6,7;31;1,65;19;78,2;538,8321027632;"H3";280,1857585139;56,5416666666667;85,5;100
"576";"R";"43";4;83,5;8;44;2,26;23;78,2;538,8321027632;"H3";280,1857585139;56,5416666666667;91,5;100
"577";"R";"43";5;79,5;7,5;27;1,54;23;78,2;538,8321027632;"H3";280,1857585139;56,5416666666667;87;75
"578";"R";"43";6;71,2;7;39;1,33;21;78,2;538,8321027632;"H3";280,1857585139;56,5416666666667;78,2;100
"579";"R";"43";7;77,8;8;39;2,11;25;78,2;538,8321027632;"H3";280,1857585139;56,5416666666667;85,8;100
"580";"R";"43";8;81,1;7;34;1,92;21;78,2;538,8321027632;"H3";280,1857585139;56,5416666666667;88,1;87,5
"581";"R";"43";9;79,4;6;16;0,74;19;78,2;538,8321027632;"H3";280,1857585139;56,5416666666667;85,4;75
"582";"R";"43";10;60,3;7,5;8;0,23;21;78,2;538,8321027632;"H3";280,1857585139;56,5416666666667;67,8;62,5
"583";"R";"23";1;76,2;8;21;1,24;19;78,9;520,8174917763;"F3";335,9133126935;53,3833333333333;84,2;87,5
"584";"R";"23";2;69;7;47;2,22;19;78,9;520,8174917763;"F3";335,9133126935;53,3833333333333;76;100
"585";"R";"23";3;74;7;27;1,51;19;78,9;520,8174917763;"F3";335,9133126935;53,3833333333333;81;62,5
"586";"R";"23";4;76,9;7,5;29;1,4;21;78,9;520,8174917763;"F3";335,9133126935;53,3833333333333;84,4;87,5
"587";"R";"23";5;69,7;5,9;22;1,67;17;78,9;520,8174917763;"F3";335,9133126935;53,3833333333333;75,6;75
"588";"R";"23";6;87;7;44;1,9;19;78,9;520,8174917763;"F3";335,9133126935;53,3833333333333;94;100
"589";"R";"23";7;73,5;8;29;1,6;23;78,9;520,8174917763;"F3";335,9133126935;53,3833333333333;81,5;100
"590";"R";"23";8;74,5;6,5;21;1,05;17;78,9;520,8174917763;"F3";335,9133126935;53,3833333333333;81;100
"591";"R";"23";9;77,6;7;34;1,81;17;78,9;520,8174917763;"F3";335,9133126935;53,3833333333333;84,6;100
"592";"R";"23";10;81,3;8,5;42;2,36;23;78,9;520,8174917763;"F3";335,9133126935;53,3833333333333;89,8;100
"593";"R";"3";1;78,4;9;45;2,21;25;75,2;541,9620473684;"E3";295,6656346749;53,5756056808688;87,4;100
"594";"R";"3";2;72;6,9;15;0,73;19;75,2;541,9620473684;"E3";295,6656346749;53,5756056808688;78,9;75
"595";"R";"3";3;77,5;7;25;1,26;17;75,2;541,9620473684;"E3";295,6656346749;53,5756056808688;84,5;87,5
"596";"R";"3";4;78;7,5;49;2,07;21;75,2;541,9620473684;"E3";295,6656346749;53,5756056808688;85,5;100
"597";"R";"3";5;64;8;23;0,84;21;75,2;541,9620473684;"E3";295,6656346749;53,5756056808688;72;87,5
"598";"R";"3";6;76,5;9,2;41;2,05;21;75,2;541,9620473684;"E3";295,6656346749;53,5756056808688;85,7;100
"599";"R";"3";7;79,6;8,2;38;2,04;23;75,2;541,9620473684;"E3";295,6656346749;53,5756056808688;87,8;87,5
"600";"R";"3";8;80,6;8;35;1,78;23;75,2;541,9620473684;"E3";295,6656346749;53,5756056808688;88,6;87,5
"601";"R";"3";9;77,4;7;41;1,51;19;75,2;541,9620473684;"E3";295,6656346749;53,5756056808688;84,4;100
"602";"R";"3";10;77;6;15;0,61;17;75,2;541,9620473684;"E3";295,6656346749;53,5756056808688;83;NA
"603";"R";"1";1;58,5;6,5;23;1,31;17;77,1;604,1339842105;"E3";278,6377708978;55,1209341117598;65;100
"604";"R";"1";2;78,3;7,9;26;1,45;23;77,1;604,1339842105;"E3";278,6377708978;55,1209341117598;86,2;62,5
"605";"R";"1";3;74,1;6;20;1,09;21;77,1;604,1339842105;"E3";278,6377708978;55,1209341117598;80,1;75
"606";"R";"1";4;60,2;8;30;1,61;21;77,1;604,1339842105;"E3";278,6377708978;55,1209341117598;68,2;100
"607";"R";"1";5;71,2;6;16;0,78;19;77,1;604,1339842105;"E3";278,6377708978;55,1209341117598;77,2;75
"608";"R";"1";6;78,8;6,5;33;2,01;21;77,1;604,1339842105;"E3";278,6377708978;55,1209341117598;85,3;100
"609";"R";"1";7;63,5;6;20;1,11;19;77,1;604,1339842105;"E3";278,6377708978;55,1209341117598;69,5;100
"610";"R";"1";8;77,5;7,5;28;1,41;19;77,1;604,1339842105;"E3";278,6377708978;55,1209341117598;85;100
"611";"R";"1";9;59;5;10;0,44;NA;77,1;604,1339842105;"E3";278,6377708978;55,1209341117598;64;NA
"612";"R";"1";10;90,6;7;32;1,97;21;77,1;604,1339842105;"E3";278,6377708978;55,1209341117598;97,6;100
"613";"R";"33";1;77,2;6,5;21;0,83;19;76,5;550,9911019737;"G3";229,1021671827;53,3500837520938;83,7;100
"614";"R";"33";2;74;7;45;2,44;21;76,5;550,9911019737;"G3";229,1021671827;53,3500837520938;81;100
"615";"R";"33";3;65;6;18;1,03;17;76,5;550,9911019737;"G3";229,1021671827;53,3500837520938;71;87,5
"616";"R";"33";4;71,9;5,5;17;0,85;17;76,5;550,9911019737;"G3";229,1021671827;53,3500837520938;77,4;NA
"617";"R";"33";5;82,8;7,6;31;1,61;19;76,5;550,9911019737;"G3";229,1021671827;53,3500837520938;90,4;100
"618";"R";"33";6;66;6,2;33;2,01;19;76,5;550,9911019737;"G3";229,1021671827;53,3500837520938;72,2;100
"619";"R";"33";7;72,5;6,5;40;1,59;19;76,5;550,9911019737;"G3";229,1021671827;53,3500837520938;79;75
"620";"R";"33";8;68,8;6,2;30;1,6;19;76,5;550,9911019737;"G3";229,1021671827;53,3500837520938;75;100
"621";"R";"33";9;67,3;5;19;1,02;15;76,5;550,9911019737;"G3";229,1021671827;53,3500837520938;72,3;100
"622";"R";"33";10;67,1;5,5;20;1,14;19;76,5;550,9911019737;"G3";229,1021671827;53,3500837520938;72,6;100
"623";"R";"45";1;76;6;24;1,41;21;78;610,2209052632;"H3";356,0371517028;53,0358632193495;82;87,5
"624";"R";"45";2;70,6;6;25;1,29;21;78;610,2209052632;"H3";356,0371517028;53,0358632193495;76,6;87,5
"625";"R";"45";3;75,3;7,3;23;1,11;21;78;610,2209052632;"H3";356,0371517028;53,0358632193495;82,6;100
"626";"R";"45";4;71,5;6,5;31;1,41;17;78;610,2209052632;"H3";356,0371517028;53,0358632193495;78;75
"627";"R";"45";5;68,5;7;26;1,49;21;78;610,2209052632;"H3";356,0371517028;53,0358632193495;75,5;75
"628";"R";"45";6;69,1;5;13;0,58;17;78;610,2209052632;"H3";356,0371517028;53,0358632193495;74,1;62,5
"629";"R";"45";7;76,6;10;52;3;23;78;610,2209052632;"H3";356,0371517028;53,0358632193495;86,6;100
"630";"R";"45";8;83;6;25;1,32;17;78;610,2209052632;"H3";356,0371517028;53,0358632193495;89;100
"631";"R";"45";9;75,2;8;47;2,4;21;78;610,2209052632;"H3";356,0371517028;53,0358632193495;83,2;100
"632";"R";"45";10;71;6;22;1,16;19;78;610,2209052632;"H3";356,0371517028;53,0358632193495;77;100
"633";"R";"37";1;78;6;6;0,28;15;77,6;526,3621875;"H3";286,3777089783;55;84;NA
"634";"R";"37";2;83;6,6;30;1,86;19;77,6;526,3621875;"H3";286,3777089783;55;89,6;100
"635";"R";"37";3;77,5;7,5;38;1,93;19;77,6;526,3621875;"H3";286,3777089783;55;85;100
"636";"R";"37";4;70,5;4,5;14;0,71;17;77,6;526,3621875;"H3";286,3777089783;55;75;NA
"637";"R";"37";5;73,8;7,3;40;2,39;21;77,6;526,3621875;"H3";286,3777089783;55;81,1;100
"638";"R";"37";6;77,9;7,5;27;1,34;19;77,6;526,3621875;"H3";286,3777089783;55;85,4;100
"639";"R";"37";7;79,5;5,1;28;0,97;17;77,6;526,3621875;"H3";286,3777089783;55;84,6;87,5
"640";"R";"37";8;76;6,8;30;1,45;21;77,6;526,3621875;"H3";286,3777089783;55;82,8;100
"641";"R";"37";9;52;7;24;1,26;17;77,6;526,3621875;"H3";286,3777089783;55;59;87,5
"642";"R";"37";10;68,6;4,6;15;0,86;15;77,6;526,3621875;"H3";286,3777089783;55;73,2;62,5
"643";"R";"28";1;72,6;7,5;28;1,32;21;76,6;454,4101052632;"G3";250,7739938081;50,767306088407;80,1;100
"644";"R";"28";2;76,5;6,5;12;0,62;17;76,6;454,4101052632;"G3";250,7739938081;50,767306088407;83;NA
"645";"R";"28";3;84,7;7,1;48;2,3;21;76,6;454,4101052632;"G3";250,7739938081;50,767306088407;91,8;100
"646";"R";"28";4;71,2;7,5;38;2,12;23;76,6;454,4101052632;"G3";250,7739938081;50,767306088407;78,7;100
"647";"R";"28";5;72,5;8,5;37;1,97;25;76,6;454,4101052632;"G3";250,7739938081;50,767306088407;81;100
"648";"R";"28";6;75;8,5;42;2,21;25;76,6;454,4101052632;"G3";250,7739938081;50,767306088407;83,5;100
"649";"R";"28";7;60;5,5;19;0,62;19;76,6;454,4101052632;"G3";250,7739938081;50,767306088407;65,5;87,5
"650";"R";"28";8;74,5;8,5;45;2,12;17;76,6;454,4101052632;"G3";250,7739938081;50,767306088407;83;100
"651";"R";"28";9;77,2;7,5;50;2;21;76,6;454,4101052632;"G3";250,7739938081;50,767306088407;84,7;100
"652";"R";"28";10;NA;6;23;0,84;19;76,6;454,4101052632;"G3";250,7739938081;50,767306088407;NA;100
"653";"R";"34";1;72,5;6;28;1,61;17;78,2;552,410625;"G3";281,73374613;54,247491638796;78,5;100
"654";"R";"34";2;89;7,9;37;2,09;23;78,2;552,410625;"G3";281,73374613;54,247491638796;96,9;100
"655";"R";"34";3;83,9;7,5;28;1,46;23;78,2;552,410625;"G3";281,73374613;54,247491638796;91,4;100
"656";"R";"34";4;76;7,5;29;1,62;17;78,2;552,410625;"G3";281,73374613;54,247491638796;83,5;87,5
"657";"R";"34";5;64;7,5;43;2,01;19;78,2;552,410625;"G3";281,73374613;54,247491638796;71,5;100
"658";"R";"34";6;67,9;6;25;1,21;19;78,2;552,410625;"G3";281,73374613;54,247491638796;73,9;100
"659";"R";"34";7;83;6,5;19;0,92;19;78,2;552,410625;"G3";281,73374613;54,247491638796;89,5;75
"660";"R";"34";8;81;8,1;47;2,54;23;78,2;552,410625;"G3";281,73374613;54,247491638796;89,1;100
"661";"R";"34";9;75,5;7,5;44;2,34;23;78,2;552,410625;"G3";281,73374613;54,247491638796;83;100
"662";"R";"34";10;76,1;8;23;1,16;19;78,2;552,410625;"G3";281,73374613;54,247491638796;84,1;62,5
"663";"R";"25";1;68,8;5,5;22;1,41;17;78,2;707,1602631579;"G3";263,1578947368;53,5936188077246;74,3;87,5
"664";"R";"25";2;82,5;8;44;2,62;23;78,2;707,1602631579;"G3";263,1578947368;53,5936188077246;90,5;100
"665";"R";"25";3;86;6;19;0,97;19;78,2;707,1602631579;"G3";263,1578947368;53,5936188077246;92;75
"666";"R";"25";4;71;5,5;18;0,79;17;78,2;707,1602631579;"G3";263,1578947368;53,5936188077246;76,5;62,5
"667";"R";"25";5;75,7;6;35;1,51;17;78,2;707,1602631579;"G3";263,1578947368;53,5936188077246;81,7;100
"668";"R";"25";6;70,5;5,3;21;0,75;19;78,2;707,1602631579;"G3";263,1578947368;53,5936188077246;75,8;75
"669";"R";"25";7;69;7,5;30;1,25;21;78,2;707,1602631579;"G3";263,1578947368;53,5936188077246;76,5;100
"670";"R";"25";8;75,6;6,3;24;1,36;21;78,2;707,1602631579;"G3";263,1578947368;53,5936188077246;81,9;100
"671";"R";"25";9;75,8;7,6;36;1,97;23;78,2;707,1602631579;"G3";263,1578947368;53,5936188077246;83,4;100
"672";"R";"25";10;65,8;4,9;14;0,57;15;78,2;707,1602631579;"G3";263,1578947368;53,5936188077246;70,7;75
"673";"R";"40";1;74,2;5,4;17;0,56;17;78;574,9638947368;"H3";315,7894736842;52,9382303839733;79,6;87,5
"674";"R";"40";2;62;5,5;17;0,73;17;78;574,9638947368;"H3";315,7894736842;52,9382303839733;67,5;75
"675";"R";"40";3;72;7;44;2,06;19;78;574,9638947368;"H3";315,7894736842;52,9382303839733;79;75
"676";"R";"40";4;69,1;7,5;38;2,17;23;78;574,9638947368;"H3";315,7894736842;52,9382303839733;76,6;100
"677";"R";"40";5;81,2;6;38;1,57;17;78;574,9638947368;"H3";315,7894736842;52,9382303839733;87,2;100
"678";"R";"40";6;81;8;36;1,85;21;78;574,9638947368;"H3";315,7894736842;52,9382303839733;89;100
"679";"R";"40";7;74,5;7,5;24;1,07;19;78;574,9638947368;"H3";315,7894736842;52,9382303839733;82;87,5
"680";"R";"40";8;77;6;15;0,93;17;78;574,9638947368;"H3";315,7894736842;52,9382303839733;83;100
"681";"R";"40";9;85,5;7;44;2,11;23;78;574,9638947368;"H3";315,7894736842;52,9382303839733;92,5;100
"682";"R";"40";10;83,6;6,7;31;1,78;23;78;574,9638947368;"H3";315,7894736842;52,9382303839733;90,3;100
"683";"R";"30";1;67;6;38;1,47;19;78,1;480,4546526316;"G3";294,1176470588;50,2633889376646;73;100
"684";"R";"30";2;67,6;6;32;1,22;21;78,1;480,4546526316;"G3";294,1176470588;50,2633889376646;73,6;62,5
"685";"R";"30";3;82,9;7,7;41;2,07;23;78,1;480,4546526316;"G3";294,1176470588;50,2633889376646;90,6;100
"686";"R";"30";4;71,5;6;34;1,19;17;78,1;480,4546526316;"G3";294,1176470588;50,2633889376646;77,5;75
"687";"R";"30";5;52,3;6;19;0,87;19;78,1;480,4546526316;"G3";294,1176470588;50,2633889376646;58,3;87,5
"688";"R";"30";6;71,6;6,7;26;1,21;19;78,1;480,4546526316;"G3";294,1176470588;50,2633889376646;78,3;100
"689";"R";"30";7;71,5;6;25;1,26;21;78,1;480,4546526316;"G3";294,1176470588;50,2633889376646;77,5;100
"690";"R";"30";8;85,1;6,5;32;1,75;21;78,1;480,4546526316;"G3";294,1176470588;50,2633889376646;91,6;100
"691";"R";"30";9;71;6,5;23;0,86;21;78,1;480,4546526316;"G3";294,1176470588;50,2633889376646;77,5;100
"692";"R";"30";10;81;7;62;2,38;21;78,1;480,4546526316;"G3";294,1176470588;50,2633889376646;88;100
"693";"R";"18";1;96,4;6,5;33;1,96;23;76,9;657,1705263158;"F3";320,4334365325;52,9840737636211;102,9;100
"694";"R";"18";2;79,4;6;21;1,06;19;76,9;657,1705263158;"F3";320,4334365325;52,9840737636211;85,4;87,5
"695";"R";"18";3;70,7;6,5;32;1,53;21;76,9;657,1705263158;"F3";320,4334365325;52,9840737636211;77,2;100
"696";"R";"18";4;73,2;6,5;10;0,37;17;76,9;657,1705263158;"F3";320,4334365325;52,9840737636211;79,7;NA
"697";"R";"18";5;79,5;7,1;29;1,75;25;76,9;657,1705263158;"F3";320,4334365325;52,9840737636211;86,6;75
"698";"R";"18";6;84,3;9;22;1,28;19;76,9;657,1705263158;"F3";320,4334365325;52,9840737636211;93,3;87,5
"699";"R";"18";7;69,9;5;18;0,9;17;76,9;657,1705263158;"F3";320,4334365325;52,9840737636211;74,9;100
"700";"R";"18";8;67,4;7,9;38;1,86;21;76,9;657,1705263158;"F3";320,4334365325;52,9840737636211;75,3;87,5
"701";"R";"18";9;76,4;7;37;1,54;21;76,9;657,1705263158;"F3";320,4334365325;52,9840737636211;83,4;100
"702";"R";"18";10;89;6,5;27;1,47;21;76,9;657,1705263158;"F3";320,4334365325;52,9840737636211;95,5;100
"703";"R";"44";1;75,9;7;13;0,71;21;77,3;418,883985;"H3";205,8823529412;54,4053601340033;82,9;62,5
"704";"R";"44";2;74,1;6;22;1,12;19;77,3;418,883985;"H3";205,8823529412;54,4053601340033;80,1;87,5
"705";"R";"44";3;90;8;40;1,66;21;77,3;418,883985;"H3";205,8823529412;54,4053601340033;98;87,5
"706";"R";"44";4;67,5;6,5;32;1,4;19;77,3;418,883985;"H3";205,8823529412;54,4053601340033;74;100
"707";"R";"44";5;87,9;6;21;0,95;21;77,3;418,883985;"H3";205,8823529412;54,4053601340033;93,9;NA
"708";"R";"44";6;83,6;7,5;23;1,11;21;77,3;418,883985;"H3";205,8823529412;54,4053601340033;91,1;75
"709";"R";"44";7;69,2;7;33;1,12;23;77,3;418,883985;"H3";205,8823529412;54,4053601340033;76,2;87,5
"710";"R";"44";8;74,5;6;25;1,38;15;77,3;418,883985;"H3";205,8823529412;54,4053601340033;80,5;100
"711";"R";"44";9;84,5;8;31;1,49;23;77,3;418,883985;"H3";205,8823529412;54,4053601340033;92,5;100
"712";"R";"44";10;74;8,5;45;2,24;21;77,3;418,883985;"H3";205,8823529412;54,4053601340033;82,5;100
"713";"R";"10";1;81,9;9;30;1,38;23;77,3;592,9637494737;"E3";301,8575851393;55,5973266499582;90,9;100
"714";"R";"10";2;63,4;6;34;1,43;21;77,3;592,9637494737;"E3";301,8575851393;55,5973266499582;69,4;87,5
"715";"R";"10";3;82,5;6,5;39;1,79;19;77,3;592,9637494737;"E3";301,8575851393;55,5973266499582;89;100
"716";"R";"10";4;70,4;6;32;1,67;19;77,3;592,9637494737;"E3";301,8575851393;55,5973266499582;76,4;100
"717";"R";"10";5;75,7;7;47;2,61;19;77,3;592,9637494737;"E3";301,8575851393;55,5973266499582;82,7;100
"718";"R";"10";6;72,5;7;41;2,51;25;77,3;592,9637494737;"E3";301,8575851393;55,5973266499582;79,5;87,5
"719";"R";"10";7;93,6;7;35;1,82;21;77,3;592,9637494737;"E3";301,8575851393;55,5973266499582;100,6;100
"720";"R";"10";8;72,1;5,6;29;1,48;19;77,3;592,9637494737;"E3";301,8575851393;55,5973266499582;77,7;100
"721";"R";"10";9;87,4;6,5;33;2,06;23;77,3;592,9637494737;"E3";301,8575851393;55,5973266499582;93,9;100
"722";"R";"10";10;58;6,9;22;1,23;21;77,3;592,9637494737;"E3";301,8575851393;55,5973266499582;64,9;87,5
"723";"R";"32";1;63,4;6;36;1,36;19;76;395,7475164474;"G3";201,2383900929;49,3265993265993;69,4;75
"724";"R";"32";2;71;5;20;0,99;17;76;395,7475164474;"G3";201,2383900929;49,3265993265993;76;87,5
"725";"R";"32";3;65;6,6;32;1,58;19;76;395,7475164474;"G3";201,2383900929;49,3265993265993;71,6;62,5
"726";"R";"32";4;81,5;6,1;18;0,32;17;76;395,7475164474;"G3";201,2383900929;49,3265993265993;87,6;100
"727";"R";"32";5;78,9;6;27;1,26;17;76;395,7475164474;"G3";201,2383900929;49,3265993265993;84,9;75
"728";"R";"32";6;59,1;6;17;0,73;19;76;395,7475164474;"G3";201,2383900929;49,3265993265993;65,1;87,5
"729";"R";"32";7;80,4;7;26;1,58;17;76;395,7475164474;"G3";201,2383900929;49,3265993265993;87,4;87,5
"730";"R";"32";8;73,8;6;25;1,22;17;76;395,7475164474;"G3";201,2383900929;49,3265993265993;79,8;100
"731";"R";"32";9;65;7,8;50;2,05;21;76;395,7475164474;"G3";201,2383900929;49,3265993265993;72,8;100
"732";"R";"32";10;63,5;6;43;1,57;21;76;395,7475164474;"G3";201,2383900929;49,3265993265993;69,5;100
"733";"R";"39";1;74,1;6,5;25;1,32;19;77,6;505,4321105263;"H3";301,8575851393;50,8597662771285;80,6;100
"734";"R";"39";2;73,4;6;19;0,9;17;77,6;505,4321105263;"H3";301,8575851393;50,8597662771285;79,4;62,5
"735";"R";"39";3;71;6,5;31;1,21;21;77,6;505,4321105263;"H3";301,8575851393;50,8597662771285;77,5;NA
"736";"R";"39";4;84,1;7;28;1,55;21;77,6;505,4321105263;"H3";301,8575851393;50,8597662771285;91,1;62,5
"737";"R";"39";5;70,5;6,5;43;1,75;19;77,6;505,4321105263;"H3";301,8575851393;50,8597662771285;77;100
"738";"R";"39";6;78;6,5;29;1,54;21;77,6;505,4321105263;"H3";301,8575851393;50,8597662771285;84,5;87,5
"739";"R";"39";7;67,5;8;38;1,99;25;77,6;505,4321105263;"H3";301,8575851393;50,8597662771285;75,5;100
"740";"R";"39";8;60;6,5;29;1,21;17;77,6;505,4321105263;"H3";301,8575851393;50,8597662771285;66,5;100
"741";"R";"39";9;83,1;7;25;1,32;19;77,6;505,4321105263;"H3";301,8575851393;50,8597662771285;90,1;100
"742";"R";"39";10;87,9;7;48;2,45;21;77,6;505,4321105263;"H3";301,8575851393;50,8597662771285;94,9;100
"743";"R";"5";1;76,3;7,3;20;0,88;21;75,9;656,5170631579;"E3";325,0773993808;52,7;83,6;75
"744";"R";"5";2;71,2;6;19;0,78;17;75,9;656,5170631579;"E3";325,0773993808;52,7;77,2;62,5
"745";"R";"5";3;76,5;7;37;1,95;23;75,9;656,5170631579;"E3";325,0773993808;52,7;83,5;100
"746";"R";"5";4;59,5;7;29;1,67;21;75,9;656,5170631579;"E3";325,0773993808;52,7;66,5;87,5
"747";"R";"5";5;83,5;8,5;45;1,81;21;75,9;656,5170631579;"E3";325,0773993808;52,7;92;75
"748";"R";"5";6;82,7;6,5;22;0,98;17;75,9;656,5170631579;"E3";325,0773993808;52,7;89,2;100
"749";"R";"5";7;89;9;48;1,94;21;75,9;656,5170631579;"E3";325,0773993808;52,7;98;100
"750";"R";"5";8;85,3;9;35;1,7;21;75,9;656,5170631579;"E3";325,0773993808;52,7;94,3;100
"751";"R";"5";9;76;8;30;1,42;19;75,9;656,5170631579;"E3";325,0773993808;52,7;84;87,5
"752";"R";"5";10;82,5;7;31;1,2;21;75,9;656,5170631579;"E3";325,0773993808;52,7;89,5;62,5
"753";"R";"4";1;73,3;6;41;1,9;21;76,6;602,0199157895;"E3";321,9814241486;53,2916666666667;79,3;100
"754";"R";"4";2;76,5;4,5;7;0,32;17;76,6;602,0199157895;"E3";321,9814241486;53,2916666666667;81;75
"755";"R";"4";3;65,2;6;15;0,81;17;76,6;602,0199157895;"E3";321,9814241486;53,2916666666667;71,2;100
"756";"R";"4";4;80,6;7,3;28;1,23;21;76,6;602,0199157895;"E3";321,9814241486;53,2916666666667;87,9;100
"757";"R";"4";5;86;8;39;2,26;25;76,6;602,0199157895;"E3";321,9814241486;53,2916666666667;94;100
"758";"R";"4";6;71;6;32;1,64;19;76,6;602,0199157895;"E3";321,9814241486;53,2916666666667;77;100
"759";"R";"4";7;72,3;5;21;0,84;17;76,6;602,0199157895;"E3";321,9814241486;53,2916666666667;77,3;75
"760";"R";"4";8;64,5;7;27;1,26;19;76,6;602,0199157895;"E3";321,9814241486;53,2916666666667;71,5;100
"761";"R";"4";9;70,5;6;18;0,79;17;76,6;602,0199157895;"E3";321,9814241486;53,2916666666667;76,5;87,5
"762";"R";"4";10;71;6;26;1,49;15;76,6;602,0199157895;"E3";321,9814241486;53,2916666666667;77;100
"763";"R";"20";1;69,5;8;28;1,37;25;77,7;427,3791631579;"F3";312,693498452;54,2583333333333;77,5;100
"764";"R";"20";2;72,6;6;23;1,28;17;77,7;427,3791631579;"F3";312,693498452;54,2583333333333;78,6;100
"765";"R";"20";3;86,1;9;36;1,97;25;77,7;427,3791631579;"F3";312,693498452;54,2583333333333;95,1;100
"766";"R";"20";4;70,5;8;47;2,16;23;77,7;427,3791631579;"F3";312,693498452;54,2583333333333;78,5;100
"767";"R";"20";5;63,1;9;49;2,61;23;77,7;427,3791631579;"F3";312,693498452;54,2583333333333;72,1;100
"768";"R";"20";6;83,9;9;44;2,37;23;77,7;427,3791631579;"F3";312,693498452;54,2583333333333;92,9;100
"769";"R";"20";7;53,9;5,5;13;0,6;19;77,7;427,3791631579;"F3";312,693498452;54,2583333333333;59,4;75
"770";"R";"20";8;79;7;26;1,34;21;77,7;427,3791631579;"F3";312,693498452;54,2583333333333;86;100
"771";"R";"20";9;76,3;5,9;16;0,88;17;77,7;427,3791631579;"F3";312,693498452;54,2583333333333;82,2;75
"772";"R";"20";10;60;7;26;1,2;19;77,7;427,3791631579;"F3";312,693498452;54,2583333333333;67;100
"773";"R";"15";1;52,7;6;22;1,04;21;77,9;694,637125;"F3";366,8730650155;52,3494983277592;58,7;100
"774";"R";"15";2;84;8,5;29;1,89;23;77,9;694,637125;"F3";366,8730650155;52,3494983277592;92,5;100
"775";"R";"15";3;78,5;7,6;33;1,58;23;77,9;694,637125;"F3";366,8730650155;52,3494983277592;86,1;100
"776";"R";"15";4;81;4,9;14;0,62;19;77,9;694,637125;"F3";366,8730650155;52,3494983277592;85,9;87,5
"777";"R";"15";5;77,5;9,1;29;1,32;23;77,9;694,637125;"F3";366,8730650155;52,3494983277592;86,6;87,5
"778";"R";"15";6;72,6;7,5;23;0,99;23;77,9;694,637125;"F3";366,8730650155;52,3494983277592;80,1;87,5
"779";"R";"15";7;72,6;7,9;24;1,08;23;77,9;694,637125;"F3";366,8730650155;52,3494983277592;80,5;100
"780";"R";"15";8;89;7,7;35;1,66;21;77,9;694,637125;"F3";366,8730650155;52,3494983277592;96,7;87,5
"781";"R";"15";9;79,2;6;38;1,8;23;77,9;694,637125;"F3";366,8730650155;52,3494983277592;85,2;100
"782";"R";"15";10;64,3;6;17;1,04;19;77,9;694,637125;"F3";366,8730650155;52,3494983277592;70,3;100
"783";"R";"29";1;61,2;7;29;1,34;21;75,5;462,2693894737;"G3";272,4458204334;52,7186963979417;68,2;87,5
"784";"R";"29";2;68;6,5;31;1,55;21;75,5;462,2693894737;"G3";272,4458204334;52,7186963979417;74,5;75
"785";"R";"29";3;73,5;7,1;51;2,38;21;75,5;462,2693894737;"G3";272,4458204334;52,7186963979417;80,6;75
"786";"R";"29";4;77;6,7;25;1,34;21;75,5;462,2693894737;"G3";272,4458204334;52,7186963979417;83,7;100
"787";"R";"29";5;68,5;6;30;1,57;19;75,5;462,2693894737;"G3";272,4458204334;52,7186963979417;74,5;87,5
"788";"R";"29";6;72,5;8;40;2,13;23;75,5;462,2693894737;"G3";272,4458204334;52,7186963979417;80,5;87,5
"789";"R";"29";7;83;7;36;1,93;21;75,5;462,2693894737;"G3";272,4458204334;52,7186963979417;90;87,5
"790";"R";"29";8;72,5;8,1;54;2,99;21;75,5;462,2693894737;"G3";272,4458204334;52,7186963979417;80,6;87,5
"791";"R";"29";9;78,5;7;31;1,81;19;75,5;462,2693894737;"G3";272,4458204334;52,7186963979417;85,5;100
"792";"R";"29";10;71,8;7,5;32;1,63;21;75,5;462,2693894737;"G3";272,4458204334;52,7186963979417;79,3;100
"793";"R";"41";1;86,6;8,6;32;1,58;23;76,3;526,9542105263;"H3";297,213622291;53,2443703085905;95,2;100
"794";"R";"41";2;92,5;8,5;33;1,69;21;76,3;526,9542105263;"H3";297,213622291;53,2443703085905;101;100
"795";"R";"41";3;84,4;7,2;43;1,89;21;76,3;526,9542105263;"H3";297,213622291;53,2443703085905;91,6;87,5
"796";"R";"41";4;70,3;6;24;1,11;21;76,3;526,9542105263;"H3";297,213622291;53,2443703085905;76,3;75
"797";"R";"41";5;65,5;7;19;0,94;19;76,3;526,9542105263;"H3";297,213622291;53,2443703085905;72,5;87,5
"798";"R";"41";6;71,6;7,6;28;1,35;21;76,3;526,9542105263;"H3";297,213622291;53,2443703085905;79,2;100
"799";"R";"41";7;87,4;8,1;33;2,18;23;76,3;526,9542105263;"H3";297,213622291;53,2443703085905;95,5;100
"800";"R";"41";8;93,1;8;38;2,18;21;76,3;526,9542105263;"H3";297,213622291;53,2443703085905;101,1;75
"801";"R";"41";9;89,9;9;36;1,99;23;76,3;526,9542105263;"H3";297,213622291;53,2443703085905;98,9;100
"802";"R";"41";10;78,5;7,5;38;2,07;23;76,3;526,9542105263;"H3";297,213622291;53,2443703085905;86;100
"803";"R";"2";1;70;6,1;20;1,18;19;75,2;612,3313052632;"E3";348,2972136223;54,3536280233528;76,1;87,5
"804";"R";"2";2;77;6;23;1,45;21;75,2;612,3313052632;"E3";348,2972136223;54,3536280233528;83;62,5
"805";"R";"2";3;78,2;7,6;31;1,59;19;75,2;612,3313052632;"E3";348,2972136223;54,3536280233528;85,8;87,5
"806";"R";"2";4;76,5;7,1;24;1,29;21;75,2;612,3313052632;"E3";348,2972136223;54,3536280233528;83,6;100
"807";"R";"2";5;82;8,5;50;2,9;21;75,2;612,3313052632;"E3";348,2972136223;54,3536280233528;90,5;87,5
"808";"R";"2";6;82,4;6,8;36;2,06;21;75,2;612,3313052632;"E3";348,2972136223;54,3536280233528;89,2;100
"809";"R";"2";7;72;7,2;43;2,58;23;75,2;612,3313052632;"E3";348,2972136223;54,3536280233528;79,2;87,5
"810";"R";"2";8;59,4;6;11;0,64;19;75,2;612,3313052632;"E3";348,2972136223;54,3536280233528;65,4;75
"811";"R";"2";9;79,7;7,6;47;2,05;23;75,2;612,3313052632;"E3";348,2972136223;54,3536280233528;87,3;100
"812";"R";"2";10;78;6,5;36;2,24;21;75,2;612,3313052632;"E3";348,2972136223;54,3536280233528;84,5;87,5
"813";"R";"17";1;74,8;7;33;1,73;21;77,3;621,2830547368;"F3";339,0092879257;52,8668363019508;81,8;100
"814";"R";"17";2;79,2;5,5;30;1,6;19;77,3;621,2830547368;"F3";339,0092879257;52,8668363019508;84,7;100
"815";"R";"17";3;72,9;6,5;33;2,02;19;77,3;621,2830547368;"F3";339,0092879257;52,8668363019508;79,4;100
"816";"R";"17";4;86,9;7;27;1,43;19;77,3;621,2830547368;"F3";339,0092879257;52,8668363019508;93,9;100
"817";"R";"17";5;68,7;5,3;19;1,17;19;77,3;621,2830547368;"F3";339,0092879257;52,8668363019508;74;100
"818";"R";"17";6;84;6,5;17;1,1;19;77,3;621,2830547368;"F3";339,0092879257;52,8668363019508;90,5;75
"819";"R";"17";7;60,7;6,5;35;1,31;19;77,3;621,2830547368;"F3";339,0092879257;52,8668363019508;67,2;100
"820";"R";"17";8;65,4;5,9;24;1,17;17;77,3;621,2830547368;"F3";339,0092879257;52,8668363019508;71,3;100
"821";"R";"17";9;75,5;7;49;2,81;23;77,3;621,2830547368;"F3";339,0092879257;52,8668363019508;82,5;100
"822";"R";"17";10;74,6;6;32;1,96;23;77,3;621,2830547368;"F3";339,0092879257;52,8668363019508;80,6;100
"823";"R";"42";1;65,9;8,2;37;1,84;23;76,5;549,3489473684;"H3";314,2414860681;50,7118927973199;74,1;100
"824";"R";"42";2;55,9;6,8;21;0,98;19;76,5;549,3489473684;"H3";314,2414860681;50,7118927973199;62,7;62,5
"825";"R";"42";3;78,5;5,5;25;1,32;15;76,5;549,3489473684;"H3";314,2414860681;50,7118927973199;84;100
"826";"R";"42";4;78;6,9;33;1,75;21;76,5;549,3489473684;"H3";314,2414860681;50,7118927973199;84,9;100
"827";"R";"42";5;73;5,6;23;1,43;19;76,5;549,3489473684;"H3";314,2414860681;50,7118927973199;78,6;100
"828";"R";"42";6;68,2;7,2;26;1,35;21;76,5;549,3489473684;"H3";314,2414860681;50,7118927973199;75,4;100
"829";"R";"42";7;77,6;7;NA;3,05;23;76,5;549,3489473684;"H3";314,2414860681;50,7118927973199;84,6;100
"830";"R";"42";8;83,1;6,5;31;1,66;21;76,5;549,3489473684;"H3";314,2414860681;50,7118927973199;89,6;75
"831";"R";"42";9;69,2;7,3;30;1,63;19;76,5;549,3489473684;"H3";314,2414860681;50,7118927973199;76,5;75
"832";"R";"42";10;71;5,1;26;1,43;NA;76,5;549,3489473684;"H3";314,2414860681;50,7118927973199;76,1;100
"833";"R";"35";1;74,7;5,9;28;1,58;19;77,7;499,8946989474;"G3";294,1176470588;52,4123539232053;80,6;87,5
"834";"R";"35";2;67,6;6,4;36;2,31;21;77,7;499,8946989474;"G3";294,1176470588;52,4123539232053;74;87,5
"835";"R";"35";3;69,6;7;35;1,44;21;77,7;499,8946989474;"G3";294,1176470588;52,4123539232053;76,6;100
"836";"R";"35";4;61,6;5,9;20;0,91;19;77,7;499,8946989474;"G3";294,1176470588;52,4123539232053;67,5;75
"837";"R";"35";5;77,7;6,2;27;1,26;19;77,7;499,8946989474;"G3";294,1176470588;52,4123539232053;83,9;100
"838";"R";"35";6;71;6;23;1,34;21;77,7;499,8946989474;"G3";294,1176470588;52,4123539232053;77;75
"839";"R";"35";7;76,6;8,5;36;2,23;21;77,7;499,8946989474;"G3";294,1176470588;52,4123539232053;85,1;87,5
"840";"R";"35";8;89;7,8;34;1,68;23;77,7;499,8946989474;"G3";294,1176470588;52,4123539232053;96,8;100
"841";"R";"35";9;88,4;6;36;1,88;19;77,7;499,8946989474;"G3";294,1176470588;52,4123539232053;94,4;87,5
"842";"R";"35";10;54,1;6;20;1,04;21;77,7;499,8946989474;"G3";294,1176470588;52,4123539232053;60,1;75
"843";"R";"27";1;68,2;7,6;46;2,6;23;76,9;454,4333684211;"G3";255,4179566563;52,2890559732665;75,8;87,5
"844";"R";"27";2;64;7;30;1,4;23;76,9;454,4333684211;"G3";255,4179566563;52,2890559732665;71;87,5
"845";"R";"27";3;60;6;18;1;15;76,9;454,4333684211;"G3";255,4179566563;52,2890559732665;66;75
"846";"R";"27";4;80,4;7,6;25;1,68;21;76,9;454,4333684211;"G3";255,4179566563;52,2890559732665;88;100
"847";"R";"27";5;53,4;5;15;0,68;17;76,9;454,4333684211;"G3";255,4179566563;52,2890559732665;58,4;100
"848";"R";"27";6;86,7;6;18;1,08;17;76,9;454,4333684211;"G3";255,4179566563;52,2890559732665;92,7;87,5
"849";"R";"27";7;57,3;6;22;1,15;19;76,9;454,4333684211;"G3";255,4179566563;52,2890559732665;63,3;100
"850";"R";"27";8;67,5;6,5;39;1,87;19;76,9;454,4333684211;"G3";255,4179566563;52,2890559732665;74;100
"851";"R";"27";9;51,2;5,3;31;0,7;17;76,9;454,4333684211;"G3";255,4179566563;52,2890559732665;56,5;87,5
"852";"R";"27";10;77,5;7,5;52;2,25;23;76,9;454,4333684211;"G3";255,4179566563;52,2890559732665;85;100
"853";"R";"13";1;70,5;7,9;43;2,41;25;77,5;952,4857894737;"F3";335,9133126935;53,2608695652174;78,4;100
"854";"R";"13";2;83,6;7;22;0,63;21;77,5;952,4857894737;"F3";335,9133126935;53,2608695652174;90,6;87,5
"855";"R";"13";3;83,5;7;34;1,93;21;77,5;952,4857894737;"F3";335,9133126935;53,2608695652174;90,5;100
"856";"R";"13";4;83,2;8;29;1,57;21;77,5;952,4857894737;"F3";335,9133126935;53,2608695652174;91,2;87,5
"857";"R";"13";5;64;7;30;1,66;21;77,5;952,4857894737;"F3";335,9133126935;53,2608695652174;71;87,5
"858";"R";"13";6;70,4;7;20;1,21;19;77,5;952,4857894737;"F3";335,9133126935;53,2608695652174;77,4;75
"859";"R";"13";7;78,6;10;38;2,06;25;77,5;952,4857894737;"F3";335,9133126935;53,2608695652174;88,6;100
"860";"R";"13";8;93,6;8;36;2,48;21;77,5;952,4857894737;"F3";335,9133126935;53,2608695652174;101,6;100
"861";"R";"13";9;80;7,5;35;1,92;21;77,5;952,4857894737;"F3";335,9133126935;53,2608695652174;87,5;87,5
"862";"R";"13";10;80;8;29;1,48;19;77,5;952,4857894737;"F3";335,9133126935;53,2608695652174;88;100
"863";"R";"9";1;72,6;6,5;33;1,82;19;75,2;585,5635515789;"E3";329,7213622291;56,4154103852596;79,1;100
"864";"R";"9";2;72,5;8;42;2,07;21;75,2;585,5635515789;"E3";329,7213622291;56,4154103852596;80,5;100
"865";"R";"9";3;71,3;5,9;13;0,69;19;75,2;585,5635515789;"E3";329,7213622291;56,4154103852596;77,2;100
"866";"R";"9";4;80,5;7;47;2,22;19;75,2;585,5635515789;"E3";329,7213622291;56,4154103852596;87,5;100
"867";"R";"9";5;74;6,6;41;1,75;19;75,2;585,5635515789;"E3";329,7213622291;56,4154103852596;80,6;75
"868";"R";"9";6;80,3;10;50;2,68;25;75,2;585,5635515789;"E3";329,7213622291;56,4154103852596;90,3;100
"869";"R";"9";7;61,7;5,5;18;0,72;17;75,2;585,5635515789;"E3";329,7213622291;56,4154103852596;67,2;75
"870";"R";"9";8;83,5;6,8;36;2,02;21;75,2;585,5635515789;"E3";329,7213622291;56,4154103852596;90,3;100
"871";"R";"9";9;66,2;6,5;10;0,54;21;75,2;585,5635515789;"E3";329,7213622291;56,4154103852596;72,7;62,5
"872";"R";"9";10;79,1;6,7;34;2,02;23;75,2;585,5635515789;"E3";329,7213622291;56,4154103852596;85,8;100
"873";"R";"14";1;74,2;7;32;1,97;19;77,4;632,1711961184;"F3";278,6377708978;52,5714285714286;81,2;100
"874";"R";"14";2;74,5;7;30;1,61;19;77,4;632,1711961184;"F3";278,6377708978;52,5714285714286;81,5;100
"875";"R";"14";3;67;5,2;7;0,32;17;77,4;632,1711961184;"F3";278,6377708978;52,5714285714286;72,2;NA
"876";"R";"14";4;72;7,5;34;1,9;21;77,4;632,1711961184;"F3";278,6377708978;52,5714285714286;79,5;87,5
"877";"R";"14";5;70,4;7;41;1,61;19;77,4;632,1711961184;"F3";278,6377708978;52,5714285714286;77,4;75
"878";"R";"14";6;64,4;5,8;13;0,73;19;77,4;632,1711961184;"F3";278,6377708978;52,5714285714286;70,2;NA
"879";"R";"14";7;71,6;7,5;28;1,81;19;77,4;632,1711961184;"F3";278,6377708978;52,5714285714286;79,1;87,5
"880";"R";"14";8;62,3;6;36;1,19;17;77,4;632,1711961184;"F3";278,6377708978;52,5714285714286;68,3;75
"881";"R";"14";9;84;8,5;50;2,39;25;77,4;632,1711961184;"F3";278,6377708978;52,5714285714286;92,5;100
"882";"R";"14";10;73,6;7,5;44;1,72;21;77,4;632,1711961184;"F3";278,6377708978;52,5714285714286;81,1;100
"883";"R";"12";1;75,1;7,6;29;1,54;21;75,9;387,1905740132;"E3";258,5139318885;55,7396449704142;82,7;62,5
"884";"R";"12";2;79;6;15;0,89;17;75,9;387,1905740132;"E3";258,5139318885;55,7396449704142;85;62,5
"885";"R";"12";3;79,4;7;19;1,09;19;75,9;387,1905740132;"E3";258,5139318885;55,7396449704142;86,4;87,5
"886";"R";"12";4;76;9;41;2,08;25;75,9;387,1905740132;"E3";258,5139318885;55,7396449704142;85;87,5
"887";"R";"12";5;77,1;9;49;2,53;23;75,9;387,1905740132;"E3";258,5139318885;55,7396449704142;86,1;100
"888";"R";"12";6;75,2;7,8;33;1,78;21;75,9;387,1905740132;"E3";258,5139318885;55,7396449704142;83;100
"889";"R";"12";7;73,2;7;42;2,35;23;75,9;387,1905740132;"E3";258,5139318885;55,7396449704142;80,2;100
"890";"R";"12";8;83,1;8;48;2,15;21;75,9;387,1905740132;"E3";258,5139318885;55,7396449704142;91,1;100
"891";"R";"12";9;75;7,5;34;1,73;21;75,9;387,1905740132;"E3";258,5139318885;55,7396449704142;82,5;100
"892";"R";"6";1;70;8;21;1,27;19;75,5;515,8900526316;"E3";328,173374613;50,9766277128548;78;87,5
"893";"R";"6";2;67;5,1;14;0,65;15;75,5;515,8900526316;"E3";328,173374613;50,9766277128548;72,1;62,5
"894";"R";"6";3;63;5,5;19;0,93;15;75,5;515,8900526316;"E3";328,173374613;50,9766277128548;68,5;75
"895";"R";"6";4;86,6;6,5;23;1,29;19;75,5;515,8900526316;"E3";328,173374613;50,9766277128548;93,1;87,5
"896";"R";"6";5;75;7;24;1,35;19;75,5;515,8900526316;"E3";328,173374613;50,9766277128548;82;75
"897";"R";"6";6;79,5;6;23;1,27;19;75,5;515,8900526316;"E3";328,173374613;50,9766277128548;85,5;87,5
"898";"R";"6";7;73,3;7,5;39;2,11;21;75,5;515,8900526316;"E3";328,173374613;50,9766277128548;80,8;87,5
"899";"R";"6";8;70;7;29;1,5;21;75,5;515,8900526316;"E3";328,173374613;50,9766277128548;77;87,5
"900";"R";"6";9;74,1;9;32;1,69;21;75,5;515,8900526316;"E3";328,173374613;50,9766277128548;83,1;87,5
"901";"R";"6";10;80,2;7;45;1,57;21;75,5;515,8900526316;"E3";328,173374613;50,9766277128548;87,2;87,5
"902";"R";"16";1;73,3;7,5;16;1,29;23;76,8;594,8417263158;"F3";349,8452012384;54,6599496221662;80,8;75
"903";"R";"16";2;66,5;6,5;35;0,88;19;76,8;594,8417263158;"F3";349,8452012384;54,6599496221662;73;87,5
"904";"R";"16";3;67;8;29;2,08;19;76,8;594,8417263158;"F3";349,8452012384;54,6599496221662;75;100
"905";"R";"16";4;91,5;6;25;1,81;19;76,8;594,8417263158;"F3";349,8452012384;54,6599496221662;97,5;100
"906";"R";"16";5;82;6;57;1,33;19;76,8;594,8417263158;"F3";349,8452012384;54,6599496221662;88;87,5
"907";"R";"16";6;71;9,5;46;3,28;25;76,8;594,8417263158;"F3";349,8452012384;54,6599496221662;80,5;100
"908";"R";"16";7;82;8;43;2,08;25;76,8;594,8417263158;"F3";349,8452012384;54,6599496221662;90;100
"909";"R";"16";8;89,9;8;36;2,3;21;76,8;594,8417263158;"F3";349,8452012384;54,6599496221662;97,9;100
"910";"R";"16";9;70;7,5;29;1,97;21;76,8;594,8417263158;"F3";349,8452012384;54,6599496221662;77,5;100
"911";"R";"26";1;83,4;8;33;1,91;21;75,6;480,5120415789;"G3";235,2941176471;52,2053872053872;91,4;100
"912";"R";"26";2;68,5;6;26;1,7;21;75,6;480,5120415789;"G3";235,2941176471;52,2053872053872;74,5;100
"913";"R";"26";3;78;6,7;22;1,51;19;75,6;480,5120415789;"G3";235,2941176471;52,2053872053872;84,7;87,5
"914";"R";"26";4;67,4;5;22;1,05;17;75,6;480,5120415789;"G3";235,2941176471;52,2053872053872;72,4;87,5
"915";"R";"26";5;66;6;18;1,09;17;75,6;480,5120415789;"G3";235,2941176471;52,2053872053872;72;87,5
"916";"R";"26";6;67,9;5;15;0,9;15;75,6;480,5120415789;"G3";235,2941176471;52,2053872053872;72,9;75
"917";"R";"26";7;72,4;5,3;14;0,93;19;75,6;480,5120415789;"G3";235,2941176471;52,2053872053872;77,7;62,5
"918";"R";"26";8;66;7;11;0,88;21;75,6;480,5120415789;"G3";235,2941176471;52,2053872053872;73;NA
"919";"R";"26";9;67,4;4,8;9;0,64;17;75,6;480,5120415789;"G3";235,2941176471;52,2053872053872;72,2;62,5
"920";"R";"26";10;64,1;4,5;24;0,53;15;75,6;480,5120415789;"G3";235,2941176471;52,2053872053872;68,6;NA
"921";"R";"22";1;77,6;6,1;24;1,05;21;77,3;416,2666381579;"F3";301,8575851393;51,0083333333333;83,7;100
"922";"R";"22";2;68,9;5,5;20;1,12;19;77,3;416,2666381579;"F3";301,8575851393;51,0083333333333;74,4;87,5
"923";"R";"22";3;83,8;7,5;33;1,93;21;77,3;416,2666381579;"F3";301,8575851393;51,0083333333333;91,3;100
"924";"R";"22";4;78;7,5;42;2,21;21;77,3;416,2666381579;"F3";301,8575851393;51,0083333333333;85,5;100
"925";"R";"22";5;76,7;7,5;31;1,84;19;77,3;416,2666381579;"F3";301,8575851393;51,0083333333333;84,2;87,5
"926";"R";"22";6;79,1;5,6;23;1,09;19;77,3;416,2666381579;"F3";301,8575851393;51,0083333333333;84,7;87,5
"927";"R";"22";7;74;7;44;1,54;21;77,3;416,2666381579;"F3";301,8575851393;51,0083333333333;81;NA
"928";"R";"22";8;85,6;8;41;2,78;21;77,3;416,2666381579;"F3";301,8575851393;51,0083333333333;93,6;100
"929";"R";"22";9;62,1;6,8;18;1,02;19;77,3;416,2666381579;"F3";301,8575851393;51,0083333333333;68,9;75
"930";"R";"22";10;67,4;6,5;12;0,59;17;77,3;416,2666381579;"F3";301,8575851393;51,0083333333333;73,9;75
"931";"R";"21";1;68,5;7,2;32;1,62;21;78,4;437,1800171053;"F3";329,7213622291;54,7679324894515;75,7;100
"932";"R";"21";2;71,5;6;37;1,69;23;78,4;437,1800171053;"F3";329,7213622291;54,7679324894515;77,5;100
"933";"R";"21";3;81;9;48;2,9;23;78,4;437,1800171053;"F3";329,7213622291;54,7679324894515;90;100
"934";"R";"21";4;66;6,5;18;1,29;19;78,4;437,1800171053;"F3";329,7213622291;54,7679324894515;72,5;100
"935";"R";"21";5;65,6;5,5;20;1,02;19;78,4;437,1800171053;"F3";329,7213622291;54,7679324894515;71,1;100
"936";"R";"21";6;78,5;6;43;2,31;15;78,4;437,1800171053;"F3";329,7213622291;54,7679324894515;84,5;100
"937";"R";"21";7;64;6;24;1,57;19;78,4;437,1800171053;"F3";329,7213622291;54,7679324894515;70;100
"938";"R";"21";8;79,3;6,5;26;1,7;19;78,4;437,1800171053;"F3";329,7213622291;54,7679324894515;85,8;100
"939";"R";"21";9;72,2;5,5;21;1,26;17;78,4;437,1800171053;"F3";329,7213622291;54,7679324894515;77,7;100
"940";"R";"21";10;65,9;6,9;27;1,23;15;78,4;437,1800171053;"F3";329,7213622291;54,7679324894515;72,8;87,5
"941";"R";"24";1;59,8;6,5;22;1,4;19;76,7;580,7194105263;"F3";258,5139318885;53,0259849119866;66,3;75
"942";"R";"24";2;73,1;6;29;1,45;19;76,7;580,7194105263;"F3";258,5139318885;53,0259849119866;79,1;100
"943";"R";"24";3;67,4;5;17;0,88;15;76,7;580,7194105263;"F3";258,5139318885;53,0259849119866;72,4;87,5
"944";"R";"24";4;74,7;6;31;1,8;17;76,7;580,7194105263;"F3";258,5139318885;53,0259849119866;80,7;100
"945";"R";"24";5;70,4;7;45;2,02;21;76,7;580,7194105263;"F3";258,5139318885;53,0259849119866;77,4;87,5
"946";"R";"24";6;61,1;8;45;2,4;23;76,7;580,7194105263;"F3";258,5139318885;53,0259849119866;69,1;100
"947";"R";"24";7;62,2;8,5;39;2,19;23;76,7;580,7194105263;"F3";258,5139318885;53,0259849119866;70,7;100
"948";"R";"24";8;79,2;7;42;2,25;21;76,7;580,7194105263;"F3";258,5139318885;53,0259849119866;86,2;100
"949";"R";"24";9;74,8;7,5;42;2,14;21;76,7;580,7194105263;"F3";258,5139318885;53,0259849119866;82,3;100
"950";"R";"24";10;63,9;6,5;41;1,8;21;76,7;580,7194105263;"F3";258,5139318885;53,0259849119866;70,4;62,5
