Trait;G_variable;chr;Pos;SNP;
NKS;F;14;138707421;AX-89514312;
NKS;HE;7;710696053;AX-89374249;
NKS;HE;7;710696795;AX-89457562;
NKS;HE;7;710687822;AX-89629813;
TKW;HE;12;21299200;AX-89479505;
TKW;HE;1;381097037;AX-89575708;
TKW;HE;1;381097202;AX-89735041;
TKW;HE;1;381098301;AX-89757688;
TKW;HE;1;381398957;AX-89630406;
TKW;HE;1;381402435;AX-89591327;
TKW;HE;2;517878621;AX-89763720;
TKW;HE;2;517956768;AX-89713754;
TKW;HE;2;518266535;AX-89516807;
TKW;HE;10;560416627;AX-89651550;
TKW;HE;10;560706420;AX-89327364;
TKW;HE;12;568597445;AX-89724529;
TKW;HE;10;612630838;AX-89526512;
TKW;HE;6;769022579;AX-89566514;
TKW;G_E;4;769998822;AX-89757495;
